date,part_21053055,part_21091739,part_21314374,part_21068915,part_21313797,part_21029651,part_21048956,part_21053093,part_21057481,part_21137158,part_15369646,part_21048462,part_21051544,part_21053057,part_21060309,part_21091738,part_21091776,part_90289102,part_90451378,part_90451465,part_21041727,part_21054756,part_21054788,part_21055097,part_21056274,part_21056514,part_21060750,part_21064875,part_21068004,part_21081243,part_21314113,part_21034119,part_21046251,part_21048468,part_21049101,part_21049345,part_21052143,part_21053172,part_21056307,part_21057243,part_21058486,part_21059826,part_21063282,part_21066522,part_21068926,part_21091641,part_21135776,part_21035345,part_21049344,part_21049908,part_21050118,part_21054524,part_21055106,part_21055773,part_21069784,part_21088599,part_21091929,part_21312136,part_21315505,part_21034604,part_21046875,part_21049208,part_21050411,part_21053489,part_21054132,part_21054575,part_21054763,part_21057478,part_21058481,part_21059366,part_21060802,part_21063074,part_21063128,part_21063276,part_21063285,part_21051523,part_21054577,part_21056927,part_21057234,part_21059355,part_21062996,part_21063040,part_21063131,part_21063293,part_21063312,part_21070196,part_21312114,part_21034225,part_21035077,part_21049124,part_21050806,part_21054143,part_21057242,part_21061145,part_21064864,part_21067075,part_21072246,part_21081263,part_21086551,part_21091946,part_21104651,part_21105273,part_21122714,part_21312917,part_90147113,part_90522960,part_90606357,part_90606397,part_90606410,part_12140431,part_15383265,part_21032487,part_21047886,part_21048405,part_21048934,part_21051283,part_21051354,part_21052144,part_21052275,part_21052652,part_21053129,part_21054576,part_21054797,part_21058447,part_21058594,part_21063264,part_21068927,part_21081242,part_21107413,part_21135150,part_21137091,part_21181346,part_21312995,part_21313042,part_21313211,part_21313416,part_21313793,part_21046236,part_21046671,part_21050255,part_21053202,part_21054757,part_21056539,part_21059289,part_21061883,part_21062037,part_21063137,part_21063138,part_21065066,part_21067085,part_21068943,part_21070702,part_21086286,part_21091640,part_21181873,part_21312500,part_21313383,part_21019490,part_21024251,part_21033751,part_21034006,part_21034066,part_21052125,part_21055177,part_21056677,part_21059275,part_21062036,part_21063305,part_21063325,part_21067084,part_21088598,part_21134232,part_21135151,part_21312143,part_21312172,part_21312277,part_21312883,part_21313369,part_21314565,part_90479789,part_90584662,part_90606250,part_90606392,part_21016961,part_21030204,part_21032485,part_21033750,part_21046543,part_21046547,part_21048955,part_21050468,part_21050508,part_21051327,part_21053127,part_21056181,part_21057235,part_21060135,part_21061142,part_21062994,part_21070192,part_21311669,part_21312142,part_21312253,part_21314143,part_21314702,part_90451461,part_90497235,part_90583512,part_16261030,part_21013634,part_21030397,part_21032890,part_21034268,part_21034595,part_21034606,part_21048364,part_21052274,part_21054762,part_21057592,part_21060718,part_21064872,part_21068942,part_21091859,part_21106416,part_21312182,part_21312885,part_21312895,part_21314039,part_21314119,part_90548704,part_11108201,part_21033970,part_21034935,part_21035397,part_21041722,part_21042114,part_21049285,part_21049876,part_21051373,part_21054643,part_21056575,part_21059288,part_21071150,part_21081241,part_21104726,part_21109573,part_21137118,part_21315082,part_90374976,part_90520018,part_90606270,part_16244051,part_21018046,part_21021948,part_21023689,part_21033094,part_21035349,part_21035443,part_21035823,part_21049886,part_21051535,part_21060162,part_21086772,part_21091928,part_21108027,part_21312893,part_21313795,part_21314137,part_90374971,part_90480890,part_90596174,part_21032862,part_21033411,part_21034212,part_21034465,part_21034716,part_21034832,part_21041477,part_21046542,part_21046859,part_21050730,part_21051412,part_21054525,part_21056728,part_21057598,part_21058335,part_21063032,part_21068609,part_21104649,part_21109572,part_21122594,part_21181917,part_21311467,part_21312214,part_21312252,part_21312845,part_21314375,part_90522961,part_21017259,part_21022402,part_21033269,part_21034453,part_21034936,part_21047486,part_21047887,part_21050175,part_21050779,part_21056468,part_21067082,part_21313746,part_21314263,part_90581603,part_90581776,part_90606354,part_18034464,part_21017975,part_21023078,part_21031967,part_21035362,part_21035832,part_21047029,part_21047098,part_21049185,part_21051396,part_21055155,part_21055761,part_21056634,part_21058079,part_21058480,part_21058483,part_21059248,part_21060682,part_21061863,part_21091923,part_21314365,part_90523906,part_21023865,part_21031493,part_21032449,part_21034084,part_21034224,part_21034280,part_21041478,part_21046166,part_21050253,part_21051411,part_21058334,part_21062992,part_21068924,part_21070197,part_21070205,part_21123527,part_21137098,part_21312156,part_21313733,part_21023866,part_21050466,part_21050718,part_21050795,part_21051064,part_21052284,part_21053571,part_21054133,part_21067083,part_21091858,part_21029644,part_21033277,part_21035497,part_21046572,part_21046667,part_21046853,part_21048978,part_21057559,part_21058857,part_21060715,part_21063275,part_21063277,part_21063304,part_21133926,part_21312122,part_21312955,part_21314059,part_21017260,part_21019496,part_21021552,part_21035088,part_21046852,part_21049018,part_21049126,part_21054527,part_21055749,part_21056284,part_21058509,part_21064862,part_21068925,part_21104728,part_21104787,part_21105772,part_21313043,part_21315083,part_12103729,part_21030259,part_21033268,part_21034454,part_21035579,part_21048937,part_21053568,part_21055760,part_21058479,part_21058693,part_21059285,part_21060724,part_21061144,part_21063274,part_21063314,part_21063436,part_21064453,part_21109834,part_21221007,part_21312132,part_21312212,part_21312217,part_21312254,part_90584564,part_10138816,part_21017388,part_21017750,part_21019488,part_21021745,part_21051538,part_21058527,part_21061966,part_21064865,part_21116271,part_21133938,part_21314193,part_12137642,part_21032860,part_21035651,part_21047888,part_21047896,part_21048638,part_21048870,part_21050802,part_21051417,part_21052114,part_21056177,part_21056178,part_21056217,part_21056266,part_21061853,part_21061967,part_21088499,part_21117404,part_21312184,part_90422017,part_90451464,part_90606298,part_17103066,part_21014632,part_21018387,part_21033748,part_21034631,part_21042126,part_21049510,part_21050807,part_21051281,part_21052646,part_21052684,part_21056642,part_21056929,part_21057223,part_21057475,part_21058748,part_21060253,part_21068005,part_21089114,part_21313011,part_21314508,part_21011819,part_21013410,part_21022111,part_21032893,part_21048064,part_21048365,part_21048622,part_21051719,part_21051876,part_21058929,part_21062406,part_21063094,part_21134217,part_21312255,part_21315786,part_90356826,part_12355342,part_21024148,part_21033373,part_21034284,part_21048593,part_21056542,part_21056704,part_21059510,part_21059528,part_21066592,part_21069363,part_21071640,part_12022248,part_18036767,part_21013541,part_21013553,part_21029765,part_21047084,part_21052676,part_21053508,part_21060734,part_21061924,part_21063273,part_21066555,part_21106817,part_21312225,part_15331575,part_21034222,part_21046062,part_21046484,part_21046485,part_21046666,part_21046938,part_21048936,part_21049276,part_21053434,part_21055115,part_21056869,part_21058877,part_21061892,part_21070583,part_21106694,part_21116430,part_21137049,part_21052285,part_21054758,part_21056826,part_21058812,part_21061871,part_21071141,part_21072058,part_21091901,part_21107304,part_21181177,part_21012050,part_21033374,part_21046211,part_21048454,part_21049512,part_21050849,part_21052104,part_21058856,part_21061893,part_21108822,part_21123271,part_21137160,part_21137161,part_21312133,part_21312157,part_21312232,part_21012717,part_21014123,part_21047361,part_21048535,part_21051274,part_21051522,part_21052136,part_21056306,part_21056665,part_21063136,part_21063242,part_21068619,part_21070104,part_21091947,part_21108025,part_21013552,part_21029842,part_21035748,part_21041855,part_21048096,part_21048406,part_21050544,part_21060252,part_21063135,part_21091888,part_21107230,part_21133940,part_21311466,part_21312233,part_21312559,part_90594858,part_21021547,part_21052685,part_21060700,part_21063692,part_21314575,part_21034285,part_21046133,part_21048407,part_21049037,part_21049599,part_21051555,part_21052889,part_21054759,part_21058482,part_21059284,part_21063303,part_21091703,part_21104014,part_21104613,part_21116488,part_21137020,part_21137021,part_21137097,part_12103728,part_21033096,part_21033894,part_21048097,part_21048595,part_21049552,part_21049867,part_21052102,part_21062402,part_21063034,part_21106362,part_21312224,part_90595766,part_15347109,part_21033526,part_21034241,part_21051556,part_21052112,part_21052132,part_21066554,part_21311647,part_21313228,part_21029797,part_21034831,part_21048536,part_21049589,part_21054728,part_21059529,part_21063134,part_21134634,part_10055165,part_18035690,part_21031743,part_21034830,part_21056375,part_21057346,part_12031663,part_21018591,part_21033093,part_21033657,part_21047404,part_21047871,part_21048470,part_21048471,part_21048534,part_21055387,part_21104612,part_21122237,part_21315798,part_21013227,part_21046939,part_21047487,part_21050773,part_21052133,part_21056262,part_21061894,part_21063073,part_21065332,part_21070193,part_21081040,part_12356775,part_21035303,part_21046042,part_21052734,part_21055567,part_21059863,part_21061226,part_21061895,part_21062194,part_21063092,part_21091639,part_21116284,part_21132951,part_21022039,part_21050545,part_21052888,part_21058822,part_21137137,part_90597832,part_11111761,part_11526471,part_21033749,part_21035066,part_21041352,part_21048623,part_21050794,part_21056628,part_21061848,part_21122398,part_21134203,part_21011475,part_21047405,part_21048591,part_21052123,part_21055607,part_21062859,part_21091647,part_21134730,part_11065131,part_11103872,part_12356019,part_21012353,part_21034596,part_21056654,part_21056925,part_21101075,part_12127140,part_21017957,part_21035344,part_21047220,part_21058332,part_21060762,part_21312115,part_21312173,part_21033752,part_21048871,part_21049201,part_21049275,part_21049889,part_21051063,part_21055606,part_21056459,part_21061925,part_21063123,part_21091698,part_21311627,part_21312226,part_52465730,part_90451443,part_21014146,part_21034213,part_21046809,part_21048620,part_21056833,part_21048450,part_21070195,part_21091900,part_21107231,part_21107872,part_21134533,part_21134808,part_21135148,part_21312263,part_21012697,part_21050889,part_21051002,part_21052145,part_21054679,part_21069647,part_21052115,part_21058813,part_21312222,part_21048577,part_21054678,part_21063095,part_21069114,part_21091638,part_21107888,part_21108390,part_21312174,part_21314506,part_12076931,part_21034578,part_21035364,part_21047882,part_21050890,part_21050898,part_21052683,part_21062404,part_21031883,part_21033025,part_21033540,part_21048639,part_21050252,part_21062195,part_21312175,part_21312272,part_21035856,part_21060752,part_21071091,part_21134267,part_21019426,part_21022236,part_21026095,part_21034737,part_21047067,part_21048455,part_21050925,part_21055609,part_21057766,part_21062860,part_21063536,part_21312223,part_21049287,part_21035604,part_21046408,part_21050467,part_21053096,part_21062853,part_21069271,part_21030228,part_21064676,part_21108297,part_90552632,part_21019428,part_21033994,part_21050475,part_21121202,part_21137096,part_21048537,part_21049942,part_21050899,part_21055608,part_21048872,part_21049188,part_21049438,part_21053435,part_12075760,part_21049007,part_21049117,part_21049767,part_21069736,part_21107875,part_21312265,part_21019582,part_21046675,part_21050877,part_21137177,part_52467233,part_90062622,part_21052134,part_21057418,part_21058581,part_21059522,part_21017605,part_21055552,part_21311629,part_21311636
1998-01-01,1,1,0,0,0,0,2,0,0,0,0,1,0,1,2,1,2,0,0,0,1,0,3,0,0,0,1,0,0,0,0,0,2,1,1,2,1,0,0,0,1,0,1,1,0,4,0,0,2,0,1,1,0,0,0,0,2,0,0,0,4,1,0,1,0,0,2,0,2,1,2,0,5,0,0,1,0,0,0,2,1,0,0,1,0,0,0,2,0,0,1,1,1,1,0,0,0,3,1,0,4,1,0,0,0,0,0,0,0,1,0,0,0,1,2,0,0,1,2,3,2,0,0,2,2,2,0,0,2,0,1,0,0,0,0,0,0,0,1,2,0,0,1,1,0,0,1,0,0,0,0,0,1,1,0,0,0,0,0,0,0,2,2,0,1,0,4,3,1,0,0,0,0,0,0,0,0,0,0,0,0,0,0,0,0,0,1,0,2,0,1,2,1,0,0,1,0,1,4,0,0,0,0,0,0,0,0,0,1,5,0,0,0,0,0,1,2,0,1,3,1,0,4,4,0,0,0,0,0,0,0,0,2,0,0,0,0,0,1,0,2,0,0,0,1,0,0,0,0,0,0,2,0,2,0,2,1,0,0,0,0,0,0,1,0,0,0,0,0,0,0,2,1,4,1,0,1,1,3,0,2,0,1,1,2,1,2,0,4,1,0,0,0,0,0,0,0,0,1,4,3,2,2,1,0,0,0,1,0,0,0,0,0,0,2,3,0,1,0,0,0,0,0,0,2,3,5,0,3,0,4,2,1,1,0,0,0,0,0,0,1,1,3,2,0,2,3,2,0,0,0,0,3,0,1,0,1,1,0,0,4,2,5,0,3,0,4,0,5,2,0,3,0,1,3,3,2,0,3,0,0,0,1,0,4,0,1,1,1,0,1,0,2,2,1,1,2,0,0,0,0,0,1,2,0,2,2,0,2,11,2,2,2,3,0,3,0,0,0,0,0,0,0,0,0,5,0,0,1,0,2,4,0,3,0,0,7,6,0,2,1,1,2,3,1,1,2,1,0,0,0,2,2,0,0,0,0,0,1,2,2,0,1,0,0,8,1,3,2,3,0,0,0,0,4,2,1,0,0,0,0,0,0,0,1,2,3,4,1,2,3,2,0,0,0,0,0,1,0,6,1,2,0,0,2,4,0,2,0,3,1,0,0,3,1,1,1,3,6,5,0,0,1,1,4,9,1,0,2,1,3,1,4,1,3,0,5,1,2,5,2,5,1,1,0,0,2,0,0,2,0,1,2,2,4,1,0,2,0,0,1,3,0,0,0,1,0,1,1,3,1,2,1,3,1,2,2,0,1,0,1,0,0,0,0,2,2,3,2,1,1,1,0,0,0,0,5,7,1,3,0,1,2,3,1,6,1,4,2,4,2,2,2,0,0,2,3,3,0,1,2,0,1,1,3,0,8,4,2,1,0,0,0,1,4,2,3,2,0,0,8,0,4,1,4,1,1,2,0,0,0,2,3,2,4,3,3,3,6,0,2,2,7,1,2,0,0,6,0,0,2,4,5,3,3,4,0,0,1,2,2,0,1,2,2,2,2,2,4,6,5,4,1,0,2,0,2,0,0,0,0,2,8,3,2,1,3,1,2,5,3,3,4,1,7,2,3,0,0,1,4,2,5,1,2,2,2,3,0,2,0,0,0,3,9,6,7,0,3,1,7,2,0,4,0,0,5,0,0,2,0,2,0,4,0,3,0,2,2,2,0,0,2,7,5,0,2,2,4,3,0,2,6,10,0,2,4,5,0,0,0,2,0,2,10,3,5,5,3,1,1,4,7,2,0,0,0,0,6,2,0,1,0,2,0,5,5,5,3,0,8,0,10,6,0,1,4,10,0,0,1,4,0,5,0,3,5,3,6,2,7,6,4,6,1,5,0,3,0,1,5,5,0,0,5,6,4,3,0,1,5,4,6,6,11,0,0
1998-02-01,0,2,0,1,0,0,0,0,0,0,0,2,0,0,0,1,0,0,0,0,0,1,0,1,0,0,1,0,3,0,0,0,1,0,0,0,1,0,1,0,0,1,2,0,0,3,0,2,2,0,0,2,2,1,0,0,4,0,0,1,2,0,0,1,0,2,0,0,3,2,2,0,2,1,0,0,0,0,4,2,1,0,0,0,0,0,0,0,0,1,1,2,2,1,0,0,0,1,1,0,1,0,0,0,0,0,0,0,0,1,0,1,0,1,1,0,3,2,2,1,1,0,0,0,0,2,0,1,1,0,1,0,0,0,0,0,0,0,3,2,1,0,0,3,3,2,1,0,2,0,0,0,0,1,0,0,0,0,0,0,0,0,1,1,2,2,0,2,0,0,1,0,0,0,0,0,0,0,0,0,0,0,0,0,0,1,0,0,2,2,2,0,0,0,3,2,0,2,2,0,0,0,0,0,0,0,0,0,0,2,0,0,0,2,0,1,1,2,0,0,0,0,4,1,0,0,0,0,0,0,0,2,1,2,0,0,2,0,0,2,1,2,0,1,3,0,0,0,0,0,0,0,1,3,2,3,0,0,0,0,1,0,1,1,0,0,0,0,0,0,0,7,1,1,0,0,1,3,2,0,2,0,5,2,2,3,3,2,0,1,0,0,0,0,0,0,0,0,1,0,5,0,5,3,1,4,1,0,0,1,0,0,0,0,0,2,0,0,2,0,1,11,5,4,0,0,0,4,8,1,2,0,3,3,0,0,0,2,0,1,1,0,4,0,3,1,1,3,0,0,0,0,0,0,1,0,2,1,6,1,2,0,2,0,0,0,0,0,2,0,1,0,4,0,1,1,1,0,2,0,0,0,2,2,0,0,0,2,0,0,0,0,2,3,0,3,2,1,0,0,1,0,1,3,0,1,3,0,3,0,3,4,2,4,0,1,0,0,0,0,0,0,0,0,2,0,0,0,2,0,1,4,0,1,1,0,2,5,0,1,3,1,3,4,0,0,0,2,0,2,2,3,0,3,0,0,0,0,0,5,1,2,2,0,0,3,0,1,1,3,1,5,0,1,2,3,0,0,0,0,1,1,1,0,2,4,0,4,2,3,1,0,0,0,0,1,0,1,0,5,0,4,2,5,1,3,0,0,0,1,3,0,1,2,0,3,0,7,1,0,0,0,3,0,1,3,1,0,0,1,0,2,0,0,6,0,0,3,6,0,1,3,0,4,0,0,3,0,0,2,0,3,0,1,3,2,4,8,0,0,1,1,0,0,0,0,2,2,6,1,7,0,0,1,3,0,2,0,3,0,3,0,0,1,0,2,0,3,5,2,1,0,0,0,0,0,0,1,2,1,0,3,1,2,0,8,5,4,1,3,4,4,3,1,3,0,4,4,3,2,3,0,0,1,1,6,1,5,0,0,0,0,0,2,4,0,1,2,4,0,1,0,0,4,2,6,1,6,0,10,0,3,0,2,2,2,1,1,3,2,6,5,4,2,2,3,0,2,0,2,3,5,6,3,7,3,2,0,0,3,3,0,1,6,2,3,4,4,4,6,4,2,1,2,4,1,1,0,0,0,4,2,5,3,4,0,3,1,0,2,3,5,2,1,1,3,0,0,0,2,0,0,2,0,2,2,11,0,0,4,1,0,0,3,2,0,5,0,1,1,2,5,1,0,0,0,3,0,2,1,4,4,4,11,0,1,5,0,2,2,0,0,2,8,3,2,2,0,3,10,0,1,3,6,4,1,1,3,0,0,0,2,1,4,10,2,4,3,3,2,3,4,4,7,0,0,0,2,6,2,0,3,0,0,0,2,8,1,2,4,2,0,3,7,0,6,2,3,0,0,2,2,0,8,5,4,3,6,8,0,4,1,9,6,1,1,0,0,1,18,4,5,0,0,2,6,5,6,0,6,3,4,6,5,2,0,0
1998-03-01,0,0,0,0,0,0,0,1,1,0,0,0,1,3,0,0,1,0,0,0,1,0,2,0,0,0,0,0,0,1,0,1,0,2,0,0,1,2,1,0,1,1,1,0,0,0,0,1,0,0,0,3,1,1,0,0,0,0,0,0,1,2,0,0,2,0,0,2,0,1,3,2,0,0,0,0,0,0,0,0,1,2,1,0,0,0,0,0,0,2,2,1,0,0,0,0,0,3,1,1,0,2,0,0,0,0,0,0,0,0,0,0,3,1,1,0,0,0,0,0,3,1,0,0,0,1,0,2,0,0,0,2,0,0,0,0,0,0,2,1,0,0,0,1,0,1,0,1,0,0,0,0,0,0,0,0,0,0,0,2,0,2,2,2,1,1,0,1,0,0,0,0,1,0,0,0,0,0,0,0,0,0,0,0,0,2,0,1,0,2,0,0,3,0,2,0,0,4,1,0,0,0,0,0,0,0,0,0,0,1,0,0,1,0,0,6,0,1,0,1,0,0,2,5,0,0,0,0,0,0,0,2,2,0,3,0,1,0,1,1,3,4,0,0,0,1,0,0,0,0,0,0,0,2,1,1,1,0,0,2,0,1,0,1,2,0,0,0,0,0,0,0,0,2,1,2,3,1,0,0,1,1,0,1,3,2,0,2,0,0,0,0,0,0,0,0,0,0,3,1,1,1,2,3,2,1,2,1,1,2,0,0,0,0,1,4,0,0,0,0,2,0,0,1,0,1,3,0,0,2,4,2,2,3,0,0,0,0,2,1,0,6,1,1,0,3,4,2,0,0,0,0,0,0,2,0,0,4,0,2,0,2,2,0,4,0,0,0,2,2,1,1,5,0,3,1,2,0,0,0,0,0,2,0,1,0,4,0,2,1,4,2,1,0,0,0,2,1,0,0,0,0,1,1,0,1,1,0,1,1,2,1,1,1,1,1,0,0,0,0,0,0,0,0,0,2,0,0,0,0,2,0,0,1,2,0,5,1,0,0,1,4,2,1,0,0,1,0,1,1,1,0,1,2,0,0,0,0,0,3,1,0,0,0,0,1,2,1,3,0,0,1,2,0,1,1,0,0,0,1,0,3,4,0,3,1,7,0,11,1,2,1,0,0,0,1,0,0,2,0,0,0,1,3,1,4,0,0,0,1,1,0,1,1,3,10,2,1,0,3,0,0,2,2,1,3,1,2,4,0,1,2,3,3,5,0,2,1,3,2,5,3,3,2,0,0,1,2,0,4,0,0,2,2,6,1,2,5,1,0,0,0,0,0,0,0,6,2,7,2,2,5,1,0,1,1,2,0,3,4,1,0,1,2,0,2,0,3,0,5,0,0,0,0,0,0,0,3,6,0,0,2,5,3,1,4,1,0,7,4,2,1,6,0,3,1,4,3,0,4,2,1,0,3,2,0,1,2,1,6,0,0,0,3,1,5,0,2,1,0,1,0,1,2,0,3,0,4,0,3,2,3,2,4,4,5,5,0,0,5,6,3,3,2,0,3,0,5,1,0,2,2,1,3,8,0,1,0,0,1,12,1,5,0,7,1,8,6,0,4,8,4,4,0,2,0,7,0,0,4,1,4,5,5,3,5,0,0,2,0,1,10,0,2,6,4,0,0,0,2,0,0,1,4,0,8,8,7,2,3,2,0,0,10,8,4,1,0,0,2,0,0,2,4,0,0,3,0,2,2,1,3,5,2,0,1,3,0,3,5,0,0,0,2,4,3,2,2,0,7,0,1,1,1,3,1,4,3,0,0,0,0,2,0,4,0,3,6,2,3,4,2,4,8,0,0,0,4,0,5,0,2,0,0,3,5,9,1,2,3,0,0,3,4,0,2,3,7,0,0,6,5,0,0,5,1,0,4,3,4,3,1,5,0,1,2,0,8,4,7,1,0,0,0,6,6,6,5,0,4,3,4,5,5,0,0,0
1998-04-01,0,1,0,0,0,0,1,0,1,3,0,2,2,0,0,0,1,0,0,0,0,0,1,2,0,0,1,0,0,1,0,1,2,5,1,1,0,0,0,0,1,4,0,0,0,1,0,0,2,0,0,0,1,0,0,0,0,0,0,1,1,0,0,0,0,0,1,3,0,1,0,0,1,2,0,1,0,2,0,0,2,0,2,0,0,0,0,0,0,0,0,0,1,2,0,0,0,1,0,1,3,0,0,0,0,0,0,0,0,0,0,0,0,1,1,0,1,0,0,0,0,0,0,1,2,3,0,5,0,0,1,0,0,0,0,0,0,0,1,4,0,0,1,0,2,2,1,0,0,0,4,0,0,0,0,0,0,0,0,0,0,0,3,2,1,1,0,1,0,0,0,0,0,0,0,0,0,0,0,0,0,0,0,3,0,0,1,2,0,0,1,0,1,3,3,0,2,2,2,0,0,0,0,0,0,0,0,0,0,0,0,1,3,0,0,0,0,2,0,3,0,1,0,0,0,0,0,0,0,0,0,0,3,2,5,2,0,2,3,1,0,3,0,0,1,3,0,0,0,0,0,2,2,0,1,0,1,0,0,1,1,1,0,0,0,0,0,0,0,0,0,4,0,0,0,0,0,1,2,1,3,2,0,2,0,0,3,1,3,0,0,0,0,0,0,0,0,0,2,3,0,0,6,0,1,1,1,1,0,1,0,0,0,0,2,1,3,0,0,0,0,0,1,0,2,0,1,2,2,2,1,2,1,0,0,0,0,1,0,2,0,1,3,7,3,3,1,1,0,0,0,0,0,0,2,0,1,6,1,3,2,2,0,0,0,0,7,0,1,2,0,4,2,0,0,0,1,2,0,0,0,0,2,0,1,0,0,1,0,0,1,0,3,0,0,2,1,0,0,0,0,0,0,1,0,1,4,0,0,2,3,3,3,4,1,0,0,4,0,0,0,0,0,0,1,1,1,0,0,0,1,1,0,2,1,0,5,3,0,0,2,2,2,0,0,0,1,4,1,0,0,0,2,4,0,0,0,0,2,6,5,1,0,0,2,5,12,0,6,0,4,2,0,2,1,2,0,0,0,2,1,1,0,0,3,4,0,3,1,2,0,3,3,0,0,11,0,0,0,4,1,5,3,4,1,5,0,3,1,2,4,0,1,1,0,4,3,0,2,5,0,0,2,0,0,2,3,0,3,5,1,1,2,1,5,0,3,3,0,1,5,1,3,2,0,0,0,0,0,3,3,1,1,1,3,1,2,8,0,0,1,0,0,0,0,2,0,2,2,1,0,2,2,2,0,1,3,0,3,0,0,0,3,0,0,1,4,1,0,1,0,0,0,0,0,0,1,2,2,1,0,3,0,2,1,4,0,1,4,1,3,1,0,2,2,1,2,1,1,0,1,2,2,1,1,0,0,0,6,1,0,0,0,2,4,2,4,1,2,1,1,0,1,1,4,1,2,0,2,0,4,1,1,0,0,3,2,0,0,0,3,1,2,2,0,1,0,3,10,0,4,0,3,5,5,2,0,0,2,8,3,1,3,4,5,4,8,6,0,1,1,3,4,1,3,2,6,0,0,4,1,1,3,7,6,3,3,4,0,3,1,1,3,2,6,2,0,0,0,12,0,0,13,1,2,3,0,1,4,5,5,0,0,0,5,0,2,2,3,2,0,3,2,1,0,1,0,0,2,1,3,2,3,2,0,6,3,5,2,2,0,0,0,1,5,6,7,5,0,5,1,3,1,2,3,0,1,0,0,0,3,2,1,1,1,2,1,4,10,0,0,3,2,10,0,0,0,8,2,2,0,0,0,1,6,4,6,0,2,3,0,2,2,8,0,3,3,4,1,0,0,3,0,0,5,3,4,3,4,0,7,0,7,2,3,1,5,1,3,9,5,0,0,0,1,5,2,3,0,4,3,2,0,3,2,2,0
1998-05-01,0,0,0,1,0,0,1,0,0,0,0,0,0,0,0,0,0,0,0,0,1,2,0,2,0,0,1,0,0,0,0,1,0,0,0,2,1,1,0,1,0,0,1,1,0,1,0,0,0,1,0,0,1,2,0,1,0,1,0,0,2,1,0,1,2,0,0,0,0,0,1,0,3,3,2,0,0,0,1,1,2,0,1,1,0,0,0,0,0,0,1,2,1,5,0,0,0,0,0,1,0,0,0,0,0,0,0,0,0,0,0,0,1,0,0,2,2,0,0,0,0,0,0,1,0,1,0,1,0,0,1,0,0,0,0,0,0,0,0,0,0,1,0,0,2,2,2,0,1,0,1,0,0,0,0,0,0,0,0,0,2,0,0,0,1,0,1,1,2,1,3,0,0,1,0,0,0,0,0,0,0,0,0,0,0,1,0,1,4,0,0,0,2,0,2,3,1,0,2,0,0,0,0,0,0,0,0,0,4,0,0,2,4,2,0,2,2,0,2,0,0,1,1,2,0,0,0,0,0,0,0,0,1,2,0,0,0,0,0,0,1,0,0,0,0,0,0,0,0,0,0,3,3,0,0,3,0,0,0,0,2,4,0,0,1,0,0,0,0,0,0,0,1,0,1,0,0,0,1,2,0,0,4,0,1,0,0,0,0,0,0,0,0,0,1,0,0,0,0,0,1,1,1,0,0,0,0,0,0,1,0,0,0,0,0,0,1,0,0,0,1,0,0,3,0,0,0,2,2,1,0,2,5,0,0,0,0,0,0,0,2,0,0,0,1,0,0,0,0,0,0,0,3,1,2,0,2,2,2,2,1,1,2,0,4,0,0,1,0,2,4,1,1,4,3,1,2,2,1,0,0,0,1,1,0,0,3,0,2,3,1,1,1,0,0,0,2,0,0,0,0,0,0,0,0,2,0,0,2,0,1,1,1,2,0,4,0,2,0,1,0,0,0,0,2,0,1,0,0,3,0,7,0,0,1,0,1,1,0,0,2,3,2,2,0,1,1,2,7,0,3,2,7,0,0,0,0,0,1,1,0,1,0,0,3,0,1,4,0,1,1,3,2,0,1,2,1,0,0,0,3,0,2,2,2,0,0,2,3,2,1,0,1,0,0,6,0,0,2,0,0,4,1,0,1,2,0,0,4,2,2,0,2,0,0,2,6,1,2,1,0,0,0,0,2,0,0,0,2,7,0,0,1,0,0,0,0,0,0,2,8,0,2,3,0,0,3,0,0,0,0,0,4,1,3,0,4,2,1,0,0,0,1,1,3,2,2,1,3,2,0,0,0,0,0,1,3,0,3,1,0,0,0,1,1,5,3,2,4,2,0,0,0,1,0,0,0,0,5,0,0,0,0,1,4,5,1,3,6,1,2,2,5,1,0,5,1,3,1,3,0,1,1,0,2,0,0,1,0,1,0,0,0,0,3,0,1,2,2,1,5,0,3,0,2,3,1,1,0,3,0,1,1,5,1,3,1,5,0,3,1,2,2,4,2,0,0,2,0,1,2,1,0,1,1,2,1,0,3,5,0,7,2,4,7,2,2,7,0,1,2,2,20,3,2,0,0,0,0,4,2,3,5,0,4,2,3,1,0,1,2,6,0,2,0,3,1,0,0,4,0,0,5,2,4,1,5,0,1,3,4,0,0,6,2,3,2,6,1,2,1,0,2,3,0,0,1,0,2,1,3,0,0,2,0,6,1,3,2,3,1,2,1,2,1,4,2,3,2,5,0,2,4,6,0,3,1,3,0,0,5,5,0,0,4,2,2,3,0,3,1,0,6,9,0,0,0,3,4,0,0,3,0,0,6,5,3,3,4,4,3,0,3,4,0,5,4,2,0,0,3,1,0,2,15,2,0,1,3,3,1,4,2,3,1,1,5,2,6,0,1,3,1,0,2,2,1,0,0,2,2,4,2,5,12,1,2
1998-06-01,1,0,0,0,0,0,1,0,1,2,0,0,0,2,0,1,0,0,0,0,1,1,1,1,0,0,0,0,0,0,0,0,0,2,0,0,0,0,0,1,1,1,0,4,0,1,0,1,0,0,2,1,1,1,0,1,1,1,0,2,1,2,1,0,0,1,1,1,0,0,2,2,0,0,0,0,0,0,0,0,0,0,0,0,0,0,0,2,1,1,2,0,1,1,0,0,0,3,0,4,0,1,0,0,0,0,0,0,0,0,0,1,1,0,1,1,3,1,0,1,0,1,0,1,0,3,0,1,0,0,0,0,0,0,0,0,0,1,2,0,0,0,0,0,3,1,1,0,0,0,3,0,0,0,0,0,0,0,0,0,0,0,0,0,2,3,1,0,0,1,4,0,0,0,0,1,0,0,0,0,0,0,0,2,0,2,2,0,0,0,0,1,1,2,2,1,2,2,0,0,0,0,0,0,0,0,0,0,0,1,0,0,1,2,0,1,1,1,1,0,0,2,4,1,0,0,0,0,0,0,0,2,0,0,2,0,0,0,0,0,1,0,0,0,1,0,0,0,0,0,0,0,0,0,2,0,0,0,0,0,1,1,0,2,2,0,0,0,0,0,0,0,1,3,4,2,0,2,2,0,2,0,1,1,4,0,3,1,0,0,0,0,0,0,1,0,0,0,0,2,0,0,0,2,0,1,3,0,2,1,0,0,0,0,0,2,0,4,2,0,0,0,1,1,0,1,0,2,1,0,1,1,0,2,0,0,0,2,1,1,2,0,0,0,0,0,2,2,4,0,0,0,0,0,2,0,0,0,3,1,1,1,0,4,1,0,1,0,0,0,4,0,2,2,2,2,2,0,1,0,0,0,0,0,4,0,1,0,1,1,0,1,3,0,3,3,1,1,0,0,0,0,0,2,3,0,2,0,2,2,0,0,0,0,0,1,0,0,0,0,0,0,1,0,0,2,0,0,0,3,4,0,0,2,1,0,4,2,0,3,5,1,0,0,0,1,1,0,0,2,0,0,0,0,0,0,0,0,0,3,0,2,0,2,0,0,0,4,5,4,2,0,2,1,1,0,1,0,0,0,0,0,2,0,1,2,0,0,2,2,3,0,0,0,0,2,0,0,3,2,0,0,1,0,1,0,0,1,1,1,3,0,2,0,0,0,2,1,1,1,1,0,0,2,3,3,1,1,1,3,0,2,1,4,0,0,5,1,2,0,3,0,1,3,0,0,1,3,0,1,4,2,2,1,1,0,0,1,1,0,4,1,0,0,3,0,0,2,1,0,0,0,4,2,4,2,2,0,6,3,4,0,2,2,1,2,4,4,3,2,1,3,0,2,0,0,0,1,1,1,0,1,0,2,3,0,3,5,3,2,0,0,2,2,1,0,1,4,2,1,2,4,3,0,2,1,2,1,3,4,0,0,0,1,4,0,4,6,0,0,4,0,8,3,2,5,4,3,2,3,0,1,0,1,3,2,2,1,2,4,4,3,3,2,2,1,0,3,0,2,3,2,4,7,3,4,8,0,2,3,6,4,0,2,1,7,2,2,2,3,2,1,0,4,3,3,2,0,0,2,0,2,1,2,2,4,0,1,1,3,6,0,2,0,2,1,5,0,0,5,0,0,1,1,1,4,6,0,1,4,4,0,0,3,1,1,4,0,0,0,0,3,0,1,0,2,0,0,2,2,3,0,1,3,0,0,3,1,3,1,4,0,0,0,4,3,3,2,4,1,1,1,2,5,4,4,2,3,0,0,1,10,1,0,1,6,3,2,0,3,0,4,1,4,3,0,0,2,0,0,0,3,0,2,1,1,4,2,3,0,1,0,4,4,0,0,3,4,5,0,1,0,0,8,5,2,3,6,1,4,4,2,1,3,1,1,5,1,5,2,7,0,0,0,6,3,5,0,0,3,1,2,1,0,0,0,4
1998-07-01,0,1,0,2,0,0,1,0,0,1,0,1,0,1,0,1,0,0,0,0,2,0,2,1,0,2,0,2,0,0,0,2,0,1,2,3,1,3,0,2,0,0,2,0,4,0,0,2,0,6,1,0,2,2,0,0,2,0,0,0,0,2,0,1,3,2,0,0,0,2,0,2,1,4,1,1,0,0,1,2,2,0,0,1,0,0,0,0,2,2,1,2,2,0,1,0,0,2,0,1,0,0,0,0,0,0,0,0,0,3,0,0,1,0,2,2,1,1,0,0,0,0,2,0,2,2,2,2,0,2,0,0,0,0,0,0,0,5,0,0,0,1,0,4,3,3,2,0,0,0,1,0,0,0,0,0,0,0,0,0,0,2,0,0,1,0,0,0,0,1,1,0,0,3,2,0,0,0,0,0,0,0,0,0,0,1,1,3,3,1,1,0,0,0,2,2,1,1,5,0,0,0,1,0,0,0,0,0,2,0,0,1,0,0,0,0,2,0,5,0,0,2,1,0,0,0,0,0,0,0,0,0,0,0,1,0,3,0,3,0,2,1,0,3,1,0,0,0,0,0,0,0,0,0,0,3,2,0,0,0,2,0,7,2,1,0,0,0,0,0,0,0,3,0,1,0,2,1,0,0,1,3,0,2,1,4,0,1,0,1,0,0,0,0,0,0,0,0,2,0,3,0,0,3,1,3,1,4,2,0,0,0,0,0,0,6,0,3,0,0,1,3,0,1,0,1,2,0,0,1,4,1,0,0,0,0,2,3,0,0,1,6,0,4,1,1,4,2,3,0,0,0,0,4,0,1,1,0,1,0,4,1,2,2,0,0,1,0,0,3,4,4,1,6,3,5,3,1,0,0,0,0,1,1,4,0,8,0,0,5,1,1,0,0,3,0,0,4,0,0,0,0,1,2,0,6,1,0,1,0,1,1,0,2,1,2,1,0,0,1,0,2,0,0,2,1,0,0,8,0,1,3,3,0,5,0,0,1,0,2,3,1,2,2,6,1,3,0,5,0,4,4,4,4,0,0,0,0,1,0,0,4,4,0,0,0,0,2,1,0,2,5,0,0,0,0,0,0,0,2,1,1,0,2,0,0,3,3,2,1,1,1,0,0,0,3,0,2,1,1,0,1,5,2,0,2,0,1,0,0,3,0,0,4,0,0,2,6,2,0,1,0,3,0,4,1,2,1,3,5,2,2,1,3,2,0,2,1,2,3,4,2,3,1,0,0,0,2,1,2,3,0,0,0,4,4,0,2,1,0,3,0,0,7,0,0,0,5,3,0,7,2,3,1,2,4,2,0,3,1,1,0,2,0,2,0,2,3,2,0,3,2,0,0,0,0,1,2,0,0,0,0,3,5,1,1,1,2,4,0,0,4,3,1,2,2,2,2,9,2,2,0,0,0,14,0,1,4,2,2,5,0,0,0,1,1,1,1,2,3,4,0,3,0,1,0,4,1,1,0,0,1,4,0,3,2,0,4,2,0,1,1,4,0,6,1,0,5,1,6,2,3,3,2,5,5,3,0,3,2,4,4,2,2,5,1,7,3,6,1,5,4,1,3,3,3,0,0,0,0,3,1,5,0,0,4,3,2,0,1,4,4,3,3,0,5,3,0,0,2,2,4,8,0,2,3,4,1,1,2,3,1,6,1,3,5,2,2,2,2,2,4,0,3,0,2,0,0,7,1,0,1,3,4,0,0,3,1,1,3,0,2,0,3,3,5,2,0,3,1,1,4,5,2,1,3,2,3,2,0,1,4,1,5,3,4,1,3,3,3,0,1,5,0,1,6,0,3,1,2,0,4,0,1,6,5,0,2,4,5,2,2,9,4,0,4,3,1,2,0,0,6,0,0,5,4,5,0,4,8,0,0,1,7,3,4,5,0,2,0,1,1,1,0,1,7,4,7,0,6,4,7,3,2,0,2,4
1998-08-01,0,0,0,0,0,0,1,1,0,0,0,0,0,0,0,2,3,0,0,0,1,2,1,1,2,0,0,0,0,0,0,1,0,1,1,0,1,0,0,1,0,0,0,0,0,0,0,1,0,0,1,1,2,0,0,3,2,0,0,2,0,2,0,0,1,0,1,0,2,0,0,0,0,0,2,0,0,1,1,2,0,0,1,1,0,0,1,0,0,0,1,0,1,3,1,2,0,1,0,0,0,0,0,0,0,0,0,0,0,1,0,1,0,0,0,0,0,2,2,0,1,3,0,0,0,1,0,0,0,0,1,1,0,0,0,0,0,0,0,2,0,1,2,0,1,0,1,0,0,0,2,0,3,0,0,2,0,0,0,1,0,1,1,0,3,3,0,1,2,2,1,0,1,2,4,0,0,0,0,0,0,0,0,3,0,0,2,2,0,1,0,0,2,0,1,1,0,1,0,0,0,2,1,0,0,0,0,0,3,1,0,2,2,1,1,0,4,4,2,2,0,4,0,1,4,0,0,0,0,0,0,3,0,0,2,0,0,0,1,2,0,0,0,1,0,1,1,0,0,0,0,0,0,0,0,1,0,0,0,0,1,1,2,3,0,0,0,0,0,0,0,0,0,0,0,0,0,0,0,0,1,3,2,0,3,1,1,0,0,0,0,0,0,0,0,0,0,0,5,0,0,2,0,1,2,0,1,1,0,1,0,0,0,0,0,1,0,0,1,0,2,1,2,1,2,2,0,0,1,2,0,0,1,1,0,0,0,1,0,0,0,0,0,1,3,4,1,2,3,0,0,0,0,1,1,0,0,1,1,0,5,2,3,2,2,0,0,2,8,0,0,2,3,3,3,2,2,1,4,1,0,0,2,1,3,0,1,0,0,3,1,1,4,0,3,1,0,0,0,0,4,0,0,1,0,0,1,0,0,0,0,1,3,3,0,3,1,0,0,3,0,3,0,0,4,2,0,0,0,0,1,2,0,0,0,0,0,1,0,0,1,0,1,2,0,0,4,0,0,3,3,2,0,2,2,0,0,0,1,1,0,1,4,0,0,0,1,1,0,5,1,0,0,4,1,1,0,0,0,4,0,1,0,0,0,1,0,1,2,0,3,3,0,0,0,2,0,1,1,1,0,3,1,2,0,1,0,5,2,2,2,0,1,1,1,1,1,1,1,2,0,0,2,1,1,0,0,3,1,3,2,3,0,0,2,0,1,2,0,5,5,2,1,1,0,0,1,1,0,5,3,0,0,3,3,4,0,1,0,0,2,0,3,2,1,0,2,2,2,1,3,4,2,0,1,0,0,0,1,2,2,0,12,0,1,1,0,2,1,0,3,0,6,0,3,0,0,0,0,0,0,0,2,0,1,5,2,3,5,2,0,1,2,0,4,7,3,0,2,6,2,1,0,2,1,8,1,2,0,2,1,0,0,3,1,2,3,6,0,4,5,0,1,1,2,5,5,2,0,0,2,3,3,3,1,1,0,2,1,1,4,0,0,2,3,3,0,0,0,5,0,4,2,5,2,4,1,0,3,2,5,4,1,3,2,3,5,0,1,0,2,0,0,1,6,0,4,0,0,5,1,1,4,2,1,5,2,3,4,2,1,1,6,7,2,3,0,0,0,1,0,1,7,2,5,4,1,5,3,2,1,2,4,2,1,3,3,4,0,5,3,1,0,3,3,3,1,0,3,1,0,0,0,2,0,1,3,0,1,2,3,4,6,1,4,2,2,1,0,1,3,1,3,4,0,4,1,1,1,0,6,2,0,3,4,0,1,0,0,6,3,4,1,2,2,6,0,1,0,0,0,6,0,4,3,0,1,2,2,2,3,3,10,4,0,0,0,6,2,0,0,9,0,0,10,4,3,1,3,5,4,3,0,2,1,0,0,0,0,4,3,3,0,0,5,5,5,3,0,5,2,4,1,1,4,4,1
1998-09-01,0,0,0,0,0,0,2,2,0,0,0,0,0,0,2,0,0,0,0,0,0,0,1,0,1,0,0,2,1,1,0,1,0,0,2,0,0,0,0,0,0,0,0,0,0,0,0,0,0,0,0,0,2,1,0,0,0,0,0,0,0,0,2,2,0,0,5,0,0,2,0,0,0,0,0,0,1,1,1,0,0,0,0,0,0,0,0,0,0,1,1,0,0,1,0,0,0,0,0,0,0,0,0,0,0,0,0,0,0,1,0,2,1,0,0,1,2,1,0,1,0,4,2,2,1,0,2,0,0,0,0,0,0,0,0,0,0,0,1,0,0,0,0,0,0,0,2,1,2,0,0,0,0,0,0,3,0,0,0,3,0,1,0,0,0,0,0,3,0,0,1,2,0,2,2,1,0,0,0,0,0,0,0,0,0,0,1,0,2,1,0,1,2,3,0,1,1,1,1,0,0,2,0,0,0,0,0,0,2,1,0,1,1,0,0,1,0,1,0,0,0,1,0,0,0,0,0,0,0,0,0,0,0,0,1,0,2,2,2,0,0,0,0,0,0,0,0,0,0,0,0,2,0,0,1,0,3,0,2,0,1,1,1,0,0,0,0,0,0,0,0,0,0,0,0,0,1,1,0,0,0,2,0,0,0,1,1,1,0,0,0,0,0,4,1,0,1,0,1,0,0,0,0,1,2,0,0,0,1,1,0,0,0,0,0,0,0,0,1,0,0,1,2,3,3,7,0,0,1,1,0,1,1,3,2,0,1,1,0,0,1,1,0,0,3,0,1,1,4,0,0,0,1,0,2,0,0,1,1,0,2,3,2,0,0,0,0,0,0,1,2,2,1,6,0,2,1,4,1,2,0,0,1,0,0,0,2,0,0,3,1,2,2,2,3,0,1,4,0,0,4,0,0,0,0,2,1,1,0,2,0,1,2,2,0,9,2,2,0,5,0,7,1,0,0,1,0,0,1,2,1,0,2,4,2,0,1,5,0,3,2,3,0,0,6,1,0,1,2,1,0,0,2,1,0,0,0,0,0,2,1,1,0,0,0,4,2,2,1,0,0,3,0,3,1,0,1,0,0,0,0,0,0,0,1,0,0,3,6,1,1,0,1,0,0,0,0,1,1,2,0,2,2,5,0,0,0,0,1,1,2,0,1,0,0,1,4,1,0,0,2,0,0,2,0,1,0,1,3,4,2,0,0,1,0,0,1,0,2,2,0,2,2,2,0,0,4,4,0,0,1,0,0,1,0,4,5,0,1,0,0,0,1,2,1,1,0,0,4,0,0,4,3,0,2,3,3,0,3,0,1,0,5,0,0,1,0,1,0,1,1,0,3,0,3,0,0,2,1,1,0,2,0,2,0,3,0,0,0,4,1,1,0,0,4,3,2,2,3,4,2,2,0,3,7,5,6,0,1,3,3,0,0,2,0,1,3,1,2,3,3,0,1,4,1,0,4,5,1,0,2,3,0,3,4,3,0,0,1,1,1,4,2,5,1,2,0,2,2,2,0,5,2,2,7,2,0,0,1,2,2,1,2,4,0,7,2,0,4,0,1,2,0,0,2,2,0,0,0,0,0,2,2,0,3,3,1,0,1,1,3,1,1,4,6,8,0,0,0,2,6,1,3,1,2,1,2,0,0,0,2,3,1,3,0,2,3,2,2,5,1,5,2,1,0,4,5,0,2,4,0,4,0,2,0,8,0,0,2,3,0,3,1,1,0,3,5,0,1,4,5,3,5,7,4,1,4,6,1,0,1,0,4,1,2,1,1,2,4,5,0,3,0,0,3,4,0,1,2,2,0,2,0,4,0,1,0,2,4,5,3,2,2,1,0,1,0,6,2,0,4,4,0,0,0,2,0,0,3,0,1,0,3,4,6,5,5,0,5,0,4,0,4,0,1,2,3,6,0,4,1,0,5,3,2,2,4
1998-10-01,1,1,0,0,0,0,0,1,0,0,0,0,0,0,0,2,1,0,0,0,0,0,1,0,0,0,1,3,0,0,0,0,0,0,1,0,1,1,2,0,0,1,0,0,1,0,0,1,0,0,0,0,0,0,0,0,1,2,0,2,0,1,0,2,0,0,0,0,0,2,0,1,0,0,0,0,1,0,1,0,2,0,2,0,1,0,0,0,4,0,1,0,0,1,0,2,0,0,2,0,3,2,0,0,0,0,0,0,0,0,0,2,1,0,1,1,1,1,0,0,2,1,1,1,2,1,1,0,0,3,1,0,0,0,0,0,0,0,0,1,3,1,1,0,0,0,1,2,3,3,1,0,0,3,0,0,2,0,0,0,3,0,0,1,1,1,0,3,1,1,0,1,2,4,0,2,0,1,0,0,0,0,0,1,0,2,2,1,0,0,1,4,0,2,5,1,2,0,1,0,0,1,0,0,0,0,0,0,1,2,0,2,2,0,1,2,2,1,0,0,0,2,0,1,0,0,0,0,0,0,0,1,2,2,0,0,0,2,0,0,2,2,0,0,0,0,4,0,0,0,0,1,1,1,10,0,0,0,3,3,1,0,4,3,1,0,0,0,0,0,0,0,2,0,4,1,0,0,0,4,0,2,3,0,3,1,0,1,0,0,0,0,2,3,2,0,3,0,0,0,0,0,0,1,0,1,1,2,0,2,0,0,0,0,2,1,1,2,1,0,3,2,1,2,0,0,1,4,0,2,0,2,4,1,0,0,0,1,2,0,0,1,0,0,2,1,2,0,1,0,0,0,2,3,4,0,1,0,1,1,0,1,0,1,1,0,4,0,0,2,2,1,0,0,2,1,0,0,1,1,0,0,1,3,0,1,1,8,0,1,0,0,1,0,3,0,3,2,0,0,0,0,4,0,0,1,1,1,2,3,2,0,5,1,0,4,0,4,0,2,0,1,0,0,2,4,0,2,0,0,0,0,2,1,0,0,2,0,0,1,2,0,1,1,0,2,2,2,1,1,6,0,2,1,1,0,0,0,1,0,1,1,1,0,2,1,1,1,1,2,1,1,0,6,1,0,0,0,0,2,0,1,3,0,2,0,0,3,4,5,6,2,6,0,0,2,0,0,3,0,0,1,3,2,0,4,0,0,1,3,1,0,1,1,2,2,4,5,1,0,0,0,1,0,4,1,2,2,0,4,1,5,0,2,5,3,0,2,2,0,2,3,3,0,0,0,0,2,0,3,0,0,0,1,2,2,1,2,0,0,1,3,1,2,0,1,0,1,0,5,2,8,0,2,0,2,5,0,5,3,1,0,0,2,0,3,2,0,4,2,3,0,4,5,2,0,0,3,1,2,0,0,1,0,0,2,2,1,4,1,0,0,2,2,2,0,0,0,3,1,0,4,0,1,3,5,6,4,2,0,2,0,0,1,1,0,2,0,2,1,3,0,4,1,5,1,0,1,1,0,1,6,0,1,2,4,3,1,0,4,1,3,3,2,0,3,0,2,1,4,3,3,4,1,2,2,1,0,1,3,2,1,3,6,0,4,1,1,3,5,2,1,0,0,2,4,2,0,0,0,0,2,5,3,1,0,4,5,0,3,3,2,2,4,6,0,0,0,0,5,0,2,8,1,0,3,0,4,3,1,1,4,3,1,0,4,3,4,2,3,1,8,0,1,1,1,8,0,3,1,3,2,5,1,0,1,1,1,0,1,6,5,1,2,2,3,3,2,1,0,7,3,4,3,3,4,1,1,8,0,3,1,4,1,1,1,1,1,1,2,4,6,5,1,2,0,0,4,0,1,2,1,0,7,6,1,2,4,1,5,3,4,1,7,0,1,1,5,2,0,0,3,0,0,0,1,1,0,4,1,1,5,2,5,1,2,5,3,1,0,2,3,1,0,2,6,4,6,0,2,5,5,5,0,0,2,5
1998-11-01,0,0,0,0,0,0,1,1,2,0,0,2,0,0,0,1,0,0,0,0,1,0,0,0,0,0,0,0,0,1,0,0,1,0,0,0,1,0,1,1,1,2,1,0,0,1,0,0,1,0,0,0,0,0,0,1,0,3,0,0,0,0,0,1,0,0,0,2,0,0,1,2,0,2,0,0,0,0,0,1,0,0,2,3,0,2,5,1,1,0,0,1,0,4,0,1,0,0,2,2,1,0,0,0,0,0,0,0,0,0,0,0,1,1,0,0,0,1,0,2,0,0,0,0,0,0,2,0,1,2,0,0,0,3,0,0,0,2,0,1,0,0,0,1,0,0,1,3,1,0,0,3,2,1,0,3,0,0,1,0,1,0,0,4,0,0,0,0,1,0,1,0,5,0,1,0,0,2,0,0,0,0,0,1,0,0,0,0,0,1,0,1,0,0,2,0,0,3,0,2,1,1,0,0,0,0,0,0,0,0,0,0,0,0,0,0,0,0,0,1,3,0,3,0,0,0,0,0,0,0,0,4,1,4,1,0,2,0,0,2,0,0,0,0,1,1,1,0,0,0,0,4,0,2,2,0,0,0,0,2,0,2,1,1,1,0,0,0,0,0,0,0,0,0,2,0,3,1,0,0,0,0,0,1,0,3,0,0,1,1,0,0,2,0,0,0,0,0,3,1,1,1,1,2,1,1,3,0,2,1,0,0,0,0,0,0,0,2,5,0,2,3,1,2,0,0,1,0,0,2,1,0,0,1,1,0,0,3,0,0,0,0,1,0,0,0,0,2,1,0,0,0,1,5,2,1,0,1,0,2,1,0,2,0,1,0,4,1,1,0,2,1,1,1,1,0,2,0,4,0,0,0,6,0,0,2,2,0,0,0,0,0,0,4,0,2,1,0,3,0,0,0,2,0,0,0,0,2,2,1,1,1,4,2,0,3,0,0,0,2,1,0,0,0,0,0,2,2,0,1,0,0,0,0,1,0,0,3,0,3,0,1,1,4,2,6,0,1,0,2,1,0,1,1,0,0,0,0,2,0,2,0,0,1,3,0,0,4,4,1,1,2,4,5,0,0,0,0,0,0,1,0,2,0,0,0,2,0,1,1,0,1,7,0,0,1,0,1,0,0,0,0,0,0,0,0,0,0,0,0,1,0,5,2,0,0,1,2,2,0,1,0,1,0,1,1,2,1,3,3,0,2,0,3,3,0,0,0,2,3,2,0,2,1,0,0,1,2,1,2,3,1,1,0,2,1,0,1,0,0,3,5,0,4,2,0,0,2,0,0,0,0,0,0,0,0,2,1,1,2,1,0,3,0,2,1,0,5,3,2,0,3,0,1,1,0,4,4,0,1,0,3,1,3,1,0,3,2,2,0,0,2,3,0,2,2,0,0,0,1,1,2,2,0,0,0,2,1,2,0,1,0,0,1,2,1,1,1,0,1,0,0,0,3,1,0,2,2,0,1,0,1,2,1,4,0,1,1,2,3,1,3,2,3,0,1,0,1,0,1,1,1,0,2,1,1,5,0,0,3,2,0,2,0,1,2,1,0,2,3,1,0,3,0,0,0,3,0,0,0,4,0,2,2,3,1,2,0,1,0,0,0,0,3,1,0,3,0,0,2,0,2,1,7,0,1,0,1,1,0,0,6,1,4,0,0,5,0,1,3,0,0,4,2,1,0,2,0,0,0,5,2,1,2,0,2,4,0,0,2,1,2,0,1,0,2,0,2,3,0,3,1,0,2,0,2,0,3,1,0,3,1,2,1,0,0,1,1,2,1,0,2,3,2,13,3,0,0,0,1,0,7,0,8,2,3,0,2,0,0,3,1,3,0,0,1,5,4,4,0,4,0,0,0,0,3,0,1,3,1,1,2,2,2,2,2,5,7,5,0,0,0,3,4,2,1,1,1,0,2,3,3,0,1,0,3,4
1998-12-01,1,0,0,1,0,0,0,0,0,0,0,0,1,1,1,0,1,0,0,0,0,0,0,1,1,0,2,0,0,1,0,0,1,1,0,0,0,2,0,2,0,1,2,1,0,0,0,0,0,1,2,3,0,1,0,0,0,0,0,0,0,0,1,0,3,2,1,0,0,0,1,0,1,1,0,0,1,2,1,0,0,1,0,0,0,1,1,1,0,0,2,1,2,1,0,0,0,1,2,1,0,2,0,0,0,0,0,0,0,2,0,0,0,2,0,0,0,0,1,0,1,0,1,0,2,1,1,1,0,1,1,1,0,1,0,0,0,1,0,0,1,3,0,0,0,2,0,0,0,0,2,1,0,5,1,2,1,0,2,2,0,0,0,2,0,0,4,0,0,1,1,2,0,2,2,4,0,0,0,0,0,0,0,0,0,0,2,1,1,0,1,2,0,0,0,2,1,1,2,0,1,1,3,0,0,0,0,0,0,0,0,1,2,0,0,0,1,1,2,2,1,0,0,1,2,0,0,0,0,0,0,1,0,0,3,0,3,2,2,3,0,0,0,0,1,0,0,0,0,0,0,0,0,1,1,0,0,0,0,0,0,3,0,1,0,0,1,0,0,0,0,1,1,1,0,1,1,3,2,1,0,0,1,2,0,0,0,1,2,1,0,0,1,0,0,0,1,0,0,3,1,1,0,2,0,3,0,0,0,0,0,0,0,0,0,0,1,1,0,0,0,0,0,1,0,1,0,1,0,1,0,1,0,0,2,0,3,3,0,2,7,2,4,1,2,1,1,0,1,0,0,0,0,3,0,3,1,0,1,1,0,0,0,0,2,0,0,2,0,0,6,0,0,0,0,2,1,2,0,1,0,0,0,1,0,0,3,1,0,1,1,2,1,1,1,1,2,1,0,0,4,0,1,0,3,0,1,0,1,0,1,1,3,1,2,1,0,0,0,0,2,0,0,0,0,2,0,0,0,2,1,0,0,0,3,1,0,2,0,0,2,4,1,1,2,1,0,2,0,3,0,0,6,2,2,0,0,0,1,0,2,2,0,3,2,1,3,0,0,3,3,2,2,0,1,0,0,0,0,0,1,2,0,0,0,0,2,2,0,1,4,1,2,0,0,1,0,1,0,1,2,0,0,1,2,1,0,1,1,4,2,0,3,2,0,0,2,1,0,1,3,0,0,1,0,0,0,1,0,2,0,0,1,1,2,0,3,1,1,0,0,0,3,3,0,0,4,7,0,1,0,0,1,1,0,1,3,2,0,0,0,0,1,6,2,2,0,3,5,3,0,0,3,4,4,0,2,2,1,0,4,0,1,2,4,0,0,1,0,2,2,2,3,4,0,0,0,5,1,0,0,2,0,4,3,2,0,2,0,0,2,2,2,2,2,1,2,3,1,1,0,2,2,0,0,0,1,3,1,0,0,0,0,0,1,2,2,1,3,1,1,0,0,1,5,1,1,3,1,0,4,0,1,0,3,3,3,3,2,0,2,2,0,3,1,1,0,1,0,0,0,3,0,2,0,0,0,1,0,4,2,2,0,2,2,1,0,1,3,2,2,2,1,4,1,0,4,0,0,0,3,2,1,0,0,3,3,7,1,2,1,0,3,0,5,2,1,0,0,0,0,1,0,1,0,0,2,0,0,0,6,2,1,0,5,4,1,0,1,1,5,2,2,4,3,2,7,0,1,3,3,0,1,0,1,2,5,2,1,0,3,4,1,0,1,1,2,0,3,2,5,5,3,2,1,4,2,7,2,0,1,0,3,5,0,0,2,3,3,1,2,8,2,1,4,3,0,0,2,2,0,2,0,5,0,0,4,1,2,0,0,0,2,4,0,2,1,1,3,0,5,1,0,0,0,0,3,0,3,1,2,1,4,1,0,4,0,6,1,3,0,2,3,0,2,2,3,0,0,2,1,1,2,7,0,0,6
1999-01-01,0,0,0,1,0,0,1,1,2,1,0,1,1,0,1,1,2,0,0,0,1,0,1,2,2,0,1,2,0,1,0,0,0,0,1,1,0,3,0,1,1,0,1,0,0,0,0,2,4,0,0,1,0,0,1,0,0,0,0,0,2,0,0,0,2,1,0,2,0,1,0,0,0,2,2,1,1,1,6,0,1,3,2,1,1,0,2,0,2,1,0,0,2,1,1,0,0,4,1,3,0,0,0,0,0,0,0,0,0,1,0,0,2,0,0,1,0,0,2,3,3,1,3,1,0,0,0,1,0,0,2,0,0,1,2,0,0,0,1,0,1,1,0,0,0,1,1,2,1,0,4,0,0,2,0,0,0,0,1,3,2,0,1,0,0,2,1,0,1,0,1,0,2,0,2,0,0,0,0,0,0,0,0,0,0,0,2,2,0,0,1,0,2,2,0,6,0,2,1,0,0,0,1,0,0,0,0,0,0,0,0,2,1,0,0,2,2,0,1,0,1,5,0,0,4,0,0,0,0,0,0,0,0,0,3,0,0,0,1,0,1,1,0,0,0,0,0,0,0,0,0,1,0,1,0,0,0,0,2,2,0,2,3,1,1,0,0,0,0,0,0,0,0,0,0,1,1,0,1,1,0,2,1,0,1,0,3,0,0,0,0,0,4,0,1,1,0,0,0,2,0,1,0,0,1,0,6,2,1,2,0,0,0,0,0,3,0,0,2,0,0,1,2,0,0,2,1,3,0,0,0,1,0,3,0,0,0,0,0,2,0,0,2,1,1,0,0,2,1,0,0,0,3,0,0,1,1,3,0,0,1,0,2,0,0,0,2,5,1,0,3,0,4,1,0,1,4,0,1,1,0,0,2,0,2,0,3,0,2,0,1,2,0,1,0,2,3,0,0,0,0,0,2,2,0,1,1,3,0,0,1,0,3,1,3,0,1,0,1,0,0,0,1,0,0,4,0,0,0,8,0,2,3,0,2,1,2,0,0,0,0,0,4,2,1,0,1,1,2,1,0,4,1,3,2,0,0,0,1,1,2,1,0,1,0,0,0,0,1,1,4,0,2,1,3,1,0,0,0,0,4,1,0,0,2,0,0,0,0,1,1,0,2,0,0,0,0,5,0,0,1,1,1,2,3,0,0,2,1,3,3,0,2,2,1,2,0,1,5,3,0,0,1,4,0,0,2,1,3,0,2,1,0,3,2,2,1,3,1,1,2,3,0,0,0,0,4,5,0,1,1,1,0,3,0,2,2,2,3,0,5,0,2,2,1,0,0,1,0,1,0,1,3,2,1,3,1,0,1,2,3,0,1,1,4,3,2,3,4,0,2,4,2,4,1,0,0,3,0,0,2,0,0,4,2,4,3,0,2,1,4,0,2,2,2,0,1,3,5,3,6,2,2,4,1,2,2,1,4,0,5,0,0,0,2,4,0,4,3,1,3,0,3,4,1,1,0,3,0,1,10,2,1,1,3,2,2,0,3,3,1,4,4,2,3,4,0,0,0,0,2,2,1,4,0,2,0,6,0,1,2,2,0,0,3,5,0,1,6,2,1,7,3,1,0,0,0,0,0,0,5,1,3,0,0,0,0,1,3,3,0,1,1,4,1,1,1,0,0,0,2,1,1,2,0,2,3,1,1,3,0,8,3,0,4,1,2,0,0,4,0,3,3,0,1,1,1,0,1,0,3,2,2,0,1,4,4,4,3,1,2,2,0,0,2,5,1,0,0,2,0,2,1,3,1,5,2,1,5,0,0,1,2,2,2,1,0,1,2,2,1,1,2,2,3,3,0,6,0,2,4,2,0,2,2,1,2,2,2,2,1,0,3,5,0,3,1,0,2,0,2,2,0,0,0,2,0,0,11,1,0,2,3,1,1,4,0,4,1,0,3,7,3,0,2,2,2,2,0,1,2,5,1,4,0,2,2
1999-02-01,1,0,0,1,1,0,1,1,2,0,0,0,0,0,0,0,2,0,0,0,0,0,1,0,0,0,0,0,0,1,0,1,0,0,1,1,1,0,0,0,0,1,0,0,1,1,0,0,1,0,0,2,0,0,0,0,0,1,0,0,1,0,0,0,0,0,1,2,1,1,0,1,1,1,1,0,0,2,0,0,1,3,0,0,0,0,0,0,0,0,0,0,0,0,2,1,0,0,0,0,0,1,1,0,0,0,0,0,0,1,0,0,0,0,0,0,0,1,0,1,0,1,1,2,0,2,0,0,3,1,3,1,0,1,1,0,0,2,0,1,0,0,0,2,0,2,0,1,5,1,1,0,0,3,2,0,0,0,0,0,0,3,2,0,0,1,5,0,1,1,0,1,0,1,1,0,0,0,0,0,0,0,0,2,0,2,0,0,1,2,0,2,1,1,0,1,0,2,1,4,0,0,3,0,0,0,0,0,2,0,0,0,0,0,0,1,0,0,0,0,1,2,1,0,3,0,1,0,0,0,0,0,0,0,1,2,2,1,0,0,0,1,0,0,0,0,4,0,0,0,0,2,2,4,0,0,3,0,0,0,0,4,1,2,1,0,0,0,0,0,0,0,1,0,0,3,1,1,1,0,2,1,0,1,0,2,1,0,2,0,0,1,4,2,0,4,1,0,0,1,1,2,1,2,3,0,0,0,0,4,0,0,0,0,3,1,0,0,0,3,3,1,1,1,1,0,1,0,0,0,1,1,0,0,0,0,0,0,0,1,0,0,0,1,0,2,2,2,3,0,0,0,0,2,1,1,0,1,1,0,2,1,1,0,3,0,0,1,0,0,1,3,0,2,0,2,4,0,0,0,0,0,3,3,0,0,1,0,0,2,1,4,0,1,4,0,1,0,3,0,1,0,2,0,0,0,0,1,1,0,1,1,2,3,1,2,1,0,0,1,0,0,1,0,0,1,3,1,1,0,1,2,2,0,1,0,0,1,0,0,0,0,2,1,2,0,1,0,1,1,2,3,1,0,2,0,0,0,1,0,2,0,1,0,0,2,0,2,1,0,0,0,4,0,0,2,1,0,0,0,0,1,3,0,0,1,1,1,0,3,1,1,2,0,0,1,0,1,0,0,0,2,3,2,1,2,0,1,1,0,4,0,0,0,0,1,3,0,2,0,0,0,1,9,0,1,2,3,2,0,2,2,0,3,0,5,3,4,1,3,3,0,2,2,0,0,2,2,0,1,1,7,3,2,1,3,3,1,1,0,3,0,2,0,0,1,0,3,1,1,0,0,4,0,0,3,0,2,0,2,3,0,2,0,1,0,0,1,2,3,0,1,2,3,1,0,4,0,3,2,0,1,0,0,3,0,0,1,2,3,3,0,0,6,1,0,1,1,2,0,1,1,0,1,0,0,1,3,3,2,0,0,3,0,1,0,0,0,1,0,0,0,1,1,0,4,0,0,0,11,2,1,2,0,2,5,0,2,4,0,3,0,2,4,5,1,0,2,0,1,3,4,2,2,0,3,0,10,0,2,0,6,1,0,3,4,0,3,1,1,2,5,0,4,0,1,0,0,0,0,0,6,1,1,1,1,1,0,2,3,1,0,1,0,1,3,4,0,0,2,2,2,1,5,0,2,4,0,4,3,2,3,1,4,3,0,4,2,1,1,2,5,0,2,5,5,4,0,2,3,2,2,5,3,4,1,0,2,2,3,0,2,5,0,2,0,2,0,4,1,4,0,1,1,0,6,5,5,4,0,2,0,5,2,1,0,1,4,2,0,2,5,0,3,1,2,0,0,0,5,6,0,0,0,0,6,2,3,3,5,3,3,1,3,0,0,5,4,1,0,1,2,0,10,0,0,0,3,1,3,4,3,2,3,8,5,0,1,1,0,0,3,1,0,4,3,0,2,0,0,3,1,3,3,0,2,3
1999-03-01,0,0,0,0,0,0,0,0,1,0,0,1,0,1,1,0,0,0,0,0,0,1,0,0,0,1,0,0,1,2,0,1,0,0,0,0,1,1,0,2,2,1,0,1,1,0,0,0,1,0,0,0,0,2,0,1,0,0,0,2,0,0,0,1,0,0,0,1,1,0,0,1,0,1,2,0,1,3,1,0,2,2,3,0,1,1,0,0,1,1,3,0,2,0,1,1,0,0,1,0,1,1,0,2,0,0,0,0,0,0,0,1,0,0,0,1,2,1,0,0,0,0,0,2,0,2,1,0,1,0,0,0,0,2,2,2,1,1,0,0,2,1,1,1,0,0,3,0,1,0,0,0,2,0,4,0,0,0,1,0,0,0,0,1,0,2,2,0,0,0,0,1,0,0,1,2,0,1,0,0,0,0,0,0,0,1,0,0,0,0,0,0,3,0,0,1,0,0,2,0,0,2,3,0,1,0,0,0,1,1,0,2,1,0,6,0,0,0,2,0,0,2,1,1,0,0,2,0,0,0,0,0,1,1,1,0,1,0,0,1,0,1,0,1,0,1,1,0,0,0,0,1,1,0,2,1,0,0,1,1,2,0,0,0,1,0,0,0,0,0,0,1,2,3,0,4,0,0,1,0,1,1,4,1,0,0,0,0,1,0,1,0,2,2,1,3,1,0,0,1,0,2,0,0,0,2,1,1,0,1,0,0,0,0,1,0,0,2,0,7,1,1,0,0,0,0,1,0,0,0,0,4,0,0,1,0,0,0,2,4,0,2,1,0,0,0,0,2,1,0,0,0,4,2,2,0,0,1,1,1,1,0,1,0,0,0,3,3,0,0,0,4,0,1,1,0,5,0,1,0,0,0,0,2,0,0,0,0,0,2,0,4,6,2,3,0,0,2,3,0,0,0,2,1,2,0,0,2,2,0,1,4,1,1,0,1,1,0,0,1,0,6,2,0,1,4,0,0,0,0,3,2,1,1,0,0,0,0,0,0,0,1,0,0,1,3,4,0,0,5,2,2,1,0,2,0,0,0,0,3,1,2,3,3,1,1,2,3,2,2,4,2,1,0,3,0,0,0,0,3,0,2,1,2,1,2,4,2,3,3,1,2,1,0,0,0,0,0,0,0,11,1,2,0,2,0,0,4,1,1,0,0,1,1,0,1,1,0,2,0,2,0,4,0,3,1,2,1,2,2,2,4,0,2,0,1,0,3,0,1,1,0,1,2,0,0,0,0,1,1,0,1,0,0,0,0,2,2,3,0,0,1,3,2,10,2,0,2,1,2,0,1,1,1,1,1,1,2,2,1,3,0,2,3,0,2,1,0,1,2,2,1,2,1,2,0,0,4,1,3,2,1,2,1,3,0,1,2,1,0,1,0,0,1,1,2,1,3,2,2,0,1,5,0,1,0,1,3,2,4,5,0,9,1,3,0,0,1,0,4,0,0,1,2,0,2,1,3,1,0,2,4,1,0,0,1,6,0,1,8,2,2,0,3,0,1,0,2,0,1,1,2,0,1,0,0,0,2,0,0,0,0,1,1,4,3,1,0,2,2,2,0,0,2,0,3,0,0,0,4,1,2,1,0,2,2,1,0,1,2,0,6,3,1,0,5,1,0,0,4,2,1,1,2,2,0,3,2,2,0,0,2,1,0,1,0,1,0,2,0,4,1,3,1,7,5,0,0,0,3,0,4,1,8,1,0,2,2,0,3,2,4,3,1,1,2,0,0,6,2,4,4,3,1,5,3,8,1,6,0,2,2,1,1,0,4,5,3,2,0,2,3,4,1,4,4,0,7,2,3,2,2,0,6,6,1,0,0,4,4,1,4,2,3,0,0,2,4,0,0,2,3,0,0,0,1,0,6,1,2,3,0,5,2,3,3,0,1,2,2,4,2,7,0,0,2,1,5,0,2,1,7,1,3,0,5,6
1999-04-01,0,0,1,0,0,0,0,1,2,1,0,0,1,0,0,0,0,0,0,0,0,2,0,0,0,1,2,0,0,2,0,1,1,2,0,1,0,0,1,2,3,0,0,0,3,1,0,2,0,1,0,0,1,0,0,3,2,1,0,1,0,2,1,0,0,0,1,2,1,0,0,0,1,1,0,0,1,0,0,0,0,0,1,1,0,0,1,0,1,1,0,2,1,1,0,1,0,1,0,0,0,0,0,1,0,0,0,0,0,1,0,2,2,0,0,1,0,0,1,0,1,0,0,0,0,0,1,0,0,2,4,0,0,0,1,2,1,0,0,0,0,1,2,1,2,2,2,0,0,1,1,1,1,0,0,0,2,0,1,1,0,0,0,0,0,0,1,1,1,3,1,3,1,0,2,0,0,1,0,0,0,0,0,2,0,0,3,0,0,1,1,0,1,0,3,0,1,1,0,0,1,0,2,0,5,0,0,0,0,1,0,0,1,2,0,0,1,1,0,0,0,1,2,1,0,0,1,0,0,0,0,0,1,0,0,0,1,3,1,0,2,0,0,0,0,3,0,0,0,0,0,1,0,0,0,2,4,0,0,4,0,1,1,0,0,0,0,0,0,0,0,1,1,1,0,6,1,0,0,0,2,1,1,1,0,1,4,2,0,1,1,1,1,0,0,0,0,0,0,1,2,3,0,0,3,0,2,1,0,1,0,0,0,0,0,0,1,1,0,2,1,3,0,1,0,2,1,0,0,0,1,0,0,3,0,0,0,1,0,1,0,1,0,0,0,0,0,3,0,1,0,0,1,2,1,0,1,0,0,6,0,0,0,0,0,0,0,0,2,0,0,1,1,0,0,1,0,2,1,0,0,0,0,0,0,0,0,0,0,0,7,5,1,0,0,0,1,1,1,0,0,0,2,0,0,3,0,8,2,2,0,3,0,1,0,3,0,0,0,0,0,0,0,0,0,2,2,0,0,0,1,0,3,0,1,3,0,0,0,0,2,3,0,2,0,1,1,2,0,1,0,1,1,3,0,0,0,0,1,0,0,0,0,3,1,0,1,0,1,0,0,0,3,0,0,1,0,0,1,1,2,1,0,0,3,1,0,2,0,4,1,1,2,0,0,0,0,0,1,1,1,0,1,0,0,0,0,0,2,2,0,0,2,1,0,0,0,0,1,1,3,0,3,1,1,0,0,2,0,0,0,4,1,4,4,1,3,3,1,0,2,1,2,0,2,0,3,0,1,2,1,0,0,2,0,0,0,2,2,0,2,0,2,2,0,2,0,4,0,3,2,1,3,2,1,0,2,0,1,0,1,0,0,5,3,3,8,1,1,0,2,1,1,1,0,0,2,1,0,0,0,2,1,3,3,1,0,2,2,2,5,1,1,1,1,0,2,2,0,1,5,2,4,3,2,0,0,1,0,1,3,0,0,2,1,2,2,0,0,1,0,0,1,0,4,1,2,1,0,0,0,2,1,2,0,4,0,0,2,3,2,2,2,0,2,1,0,0,3,0,2,1,0,0,0,0,3,1,0,0,0,1,0,0,2,1,0,0,2,1,1,0,0,4,0,3,1,0,0,0,1,5,1,1,0,0,2,4,0,1,3,1,2,1,1,1,1,0,0,1,0,0,1,3,1,5,6,0,0,3,1,2,6,1,1,1,0,4,0,0,1,1,1,3,0,4,3,0,2,4,1,2,6,3,5,3,0,1,1,1,0,1,2,2,3,2,4,0,2,1,2,2,2,1,1,0,0,3,6,4,1,0,3,3,2,3,2,4,4,1,1,2,1,0,4,6,0,1,0,0,0,2,0,4,8,1,1,0,2,0,3,1,0,0,0,1,1,6,0,0,0,1,0,0,0,0,0,1,3,3,4,1,0,0,5,1,0,6,6,3,4,2,2,0,0,0,2,1,0,0,3,1,6,1,6,5,1
1999-05-01,0,0,0,0,1,0,2,0,1,0,0,0,0,0,3,0,0,0,0,0,0,0,1,0,1,0,0,1,2,0,0,0,2,0,1,0,0,0,2,0,0,0,2,1,1,0,0,0,1,1,0,1,0,1,2,1,0,0,0,0,0,0,0,0,1,2,0,1,0,0,2,0,1,0,0,0,0,2,0,0,0,0,0,1,2,3,1,0,0,0,0,0,0,0,1,0,0,0,0,1,0,0,0,2,0,0,0,0,0,0,0,0,0,1,0,0,0,2,1,0,1,0,1,2,0,0,0,1,2,0,0,0,0,0,0,0,0,0,2,0,0,0,3,0,1,0,1,2,0,3,0,4,0,1,4,2,0,0,0,0,5,0,3,1,4,1,0,1,0,0,0,1,1,0,0,1,0,0,3,0,0,0,0,0,0,3,0,0,0,0,2,0,0,1,1,0,3,0,0,1,0,1,1,0,4,0,0,0,2,2,0,0,0,2,0,1,1,2,0,0,0,0,0,1,0,2,0,0,0,0,0,0,3,0,0,2,0,0,1,0,2,0,0,4,0,0,1,0,0,0,0,0,0,1,0,0,1,0,0,3,0,3,1,0,0,0,0,0,0,0,0,0,0,1,1,1,0,0,0,0,1,0,0,4,0,1,1,1,0,0,0,0,0,1,0,0,0,0,0,0,2,1,1,4,0,0,1,0,3,2,0,0,0,0,0,0,0,0,0,3,0,0,1,2,1,1,0,0,0,2,0,0,2,1,0,0,0,2,0,2,1,0,0,0,1,0,1,1,1,2,0,0,4,2,0,1,4,0,2,1,0,0,1,2,2,0,2,1,1,1,1,5,0,1,1,1,0,0,1,0,0,0,0,0,1,2,1,6,0,2,3,4,0,3,1,0,0,2,1,0,0,0,0,0,1,4,5,1,0,0,0,4,0,1,0,0,0,4,0,2,2,2,0,0,1,1,2,0,0,0,1,0,0,0,1,0,0,2,0,5,0,0,1,1,0,0,0,7,0,1,2,0,1,0,0,0,0,0,2,2,2,0,0,1,0,0,0,0,0,0,3,2,2,1,1,2,2,0,4,1,2,3,0,0,3,1,0,0,1,2,0,1,0,0,0,0,0,4,5,0,0,0,0,0,3,1,0,0,2,3,0,0,0,0,0,1,1,0,0,0,3,0,2,1,0,1,1,2,0,0,5,1,1,2,0,0,2,2,0,0,0,1,0,0,0,0,1,2,0,1,0,2,2,0,2,0,2,0,0,0,0,1,3,1,0,0,4,2,0,1,1,6,2,1,3,4,0,1,2,0,0,0,1,1,0,1,0,1,0,0,0,2,2,1,1,0,0,0,0,1,2,3,4,1,0,2,0,4,3,2,1,4,0,0,2,7,1,0,3,0,4,1,0,2,1,1,1,0,1,0,1,0,4,1,1,0,2,2,1,4,4,0,1,0,5,0,1,0,3,1,6,4,0,1,0,3,1,1,0,0,0,0,2,2,3,2,0,4,2,1,0,0,0,1,1,0,0,2,0,0,0,2,2,2,2,0,1,1,0,0,1,3,2,2,4,1,2,0,0,0,0,2,0,2,1,1,2,1,3,1,3,2,0,2,0,1,1,0,0,2,2,1,0,3,3,0,3,5,1,3,4,3,4,1,2,2,1,2,1,2,2,2,5,2,5,1,1,0,2,3,1,4,0,1,1,1,0,1,5,2,1,4,4,5,4,2,1,0,1,0,5,3,0,2,6,1,4,0,0,9,0,1,0,3,0,1,3,3,0,1,2,1,0,1,0,0,1,2,2,1,0,1,4,4,2,1,0,0,3,0,0,7,1,2,0,3,1,2,3,0,3,0,0,2,0,2,2,0,2,2,0,0,3,3,4,3,0,2,2,0,1,3,0,0,0,2,2,0,0,0,0,2,4,3,5,1,3
1999-06-01,1,0,0,1,0,0,0,2,0,0,0,0,2,2,0,0,1,0,0,0,0,0,0,0,0,2,3,0,0,0,0,0,3,1,0,0,0,1,1,0,1,0,0,0,1,1,0,1,0,0,0,1,3,0,3,0,1,0,0,1,0,3,0,1,0,0,0,0,2,2,0,1,0,0,3,0,1,1,2,2,0,2,0,0,1,0,2,1,0,1,0,0,0,0,0,0,0,1,1,0,0,1,0,0,0,0,0,0,0,1,0,0,0,4,1,1,0,0,2,0,0,0,0,2,2,0,1,1,0,1,2,1,0,2,1,3,1,1,1,0,2,1,0,0,0,0,0,0,1,0,0,2,2,1,5,0,1,0,0,1,0,3,2,3,0,0,0,1,0,0,0,1,1,2,2,1,2,2,0,0,0,0,0,2,0,0,0,0,0,2,2,0,2,0,0,2,1,0,0,1,0,0,0,0,0,0,0,0,0,4,0,0,0,3,1,0,1,0,0,0,2,0,0,0,3,0,0,0,0,0,0,0,2,0,0,1,1,1,0,3,0,0,0,2,0,1,0,0,0,0,0,0,0,0,2,0,0,0,0,0,0,0,1,2,1,0,2,0,0,0,0,3,0,0,0,4,0,1,0,3,0,0,1,0,0,2,0,0,0,0,1,0,0,1,1,1,0,0,1,1,0,2,0,0,0,0,0,0,2,1,0,0,0,0,3,1,1,3,0,4,2,0,1,2,2,2,2,1,0,0,1,0,3,0,1,0,3,0,4,2,0,0,1,0,2,4,2,0,0,4,0,0,0,2,1,0,3,0,0,1,3,1,1,3,0,0,2,1,2,1,0,0,1,0,2,1,0,1,0,4,0,0,1,0,0,1,0,0,0,0,1,1,0,0,1,0,2,0,1,0,2,0,0,0,3,0,1,0,0,1,1,5,1,3,2,0,0,0,0,0,2,0,2,0,0,1,0,0,0,0,0,0,0,0,2,1,1,2,1,2,0,0,0,0,1,0,3,0,3,1,0,0,1,2,2,0,0,0,2,4,2,0,0,1,1,0,0,0,0,0,0,1,0,0,0,0,1,0,4,1,2,0,1,0,1,2,2,3,0,0,0,3,0,0,0,0,0,3,1,3,0,2,1,2,0,3,0,0,0,1,0,0,5,3,0,0,1,2,0,0,3,0,0,0,0,1,1,3,0,0,0,1,2,0,0,0,0,1,3,4,1,2,3,1,0,0,0,0,0,1,0,1,0,0,0,0,1,0,1,0,0,5,1,3,1,3,2,3,2,0,0,0,4,4,1,0,1,0,0,1,0,0,0,1,0,2,0,2,1,0,0,3,0,0,2,0,0,1,0,2,3,2,2,0,0,1,1,1,2,0,2,0,1,0,2,0,2,0,1,0,0,1,0,0,1,2,1,2,2,1,0,0,6,2,2,1,4,0,0,0,1,0,2,2,2,2,3,1,0,0,0,1,5,2,2,2,3,2,3,2,1,2,1,2,4,2,1,2,0,3,0,2,1,1,0,1,2,1,3,0,1,0,2,2,0,0,2,0,1,2,0,0,1,2,1,3,1,0,0,12,0,0,1,1,1,0,1,2,1,1,0,0,1,2,1,0,2,0,0,0,2,0,0,0,3,0,3,2,3,2,0,4,0,1,0,4,1,4,3,2,0,1,4,3,0,0,1,0,0,0,0,2,1,5,3,0,0,1,5,2,6,0,2,0,4,0,0,2,4,1,1,1,0,2,4,2,0,0,1,3,0,4,1,0,1,4,0,6,0,5,1,1,2,2,3,1,0,3,2,2,0,0,0,3,1,5,2,6,2,1,2,1,0,0,0,4,3,3,4,0,0,2,0,0,0,4,3,5,2,1,2,7,1,0,4,2,5,4,1,2,1,2,2,0,2,2,2,1,0,0,4,2,3,2,1,3,2
1999-07-01,1,0,1,0,0,0,1,0,0,1,0,1,0,1,1,1,0,0,0,0,0,2,0,1,0,0,1,0,2,0,0,1,0,1,0,0,0,0,0,0,0,0,2,1,2,0,0,0,0,1,0,0,1,0,0,0,0,1,0,0,0,0,1,0,0,1,0,0,1,0,2,0,0,0,2,1,4,0,1,0,0,0,1,0,0,0,0,3,0,2,1,0,0,0,0,2,0,0,1,3,0,1,0,2,0,0,0,2,0,2,0,1,1,0,1,1,1,0,3,1,1,0,2,1,0,0,0,0,0,2,0,1,0,0,4,0,0,2,0,0,0,0,2,0,2,0,0,2,1,1,1,2,0,1,0,0,0,0,2,2,0,0,1,0,2,1,0,2,0,0,0,0,3,1,0,2,1,0,0,0,0,0,0,2,0,0,0,0,4,0,0,0,1,0,0,2,0,3,2,1,0,2,1,0,3,0,0,0,1,0,0,6,2,0,1,0,0,4,0,0,0,0,0,0,0,0,0,0,0,0,0,2,1,0,0,2,1,0,0,0,1,0,0,0,2,1,0,0,0,0,0,1,4,0,0,0,0,0,1,0,1,0,1,1,2,0,3,0,0,0,0,3,0,1,1,0,0,0,3,3,1,0,2,1,2,0,2,1,0,0,0,0,0,1,1,0,0,0,0,1,0,1,1,0,3,1,0,3,1,0,0,1,0,1,1,1,1,0,1,1,6,0,0,0,1,1,1,1,1,0,1,0,0,1,0,0,1,1,0,0,1,1,1,1,0,0,1,0,2,1,0,0,1,1,0,1,1,1,0,0,0,1,0,1,0,0,0,0,0,1,2,0,2,0,0,1,0,2,0,1,0,0,0,1,0,1,1,4,2,0,1,0,1,0,3,2,0,0,0,0,0,0,2,5,1,2,0,0,0,1,0,0,1,0,1,1,2,2,0,1,1,1,2,0,0,0,3,3,3,1,1,1,1,1,0,0,1,0,3,0,1,0,0,1,0,4,0,3,1,3,0,0,0,0,2,0,0,0,0,0,2,1,1,2,1,1,1,1,1,0,0,0,0,0,0,2,0,0,1,2,0,0,3,2,0,0,3,0,1,1,0,0,0,0,0,0,0,4,0,1,1,3,0,0,1,1,0,3,0,1,1,0,1,2,1,2,0,0,2,2,1,0,4,1,2,3,2,1,0,0,0,0,2,5,2,5,3,1,2,1,0,0,1,3,0,0,1,0,2,0,6,2,1,1,2,0,0,1,1,0,2,0,3,2,1,1,2,0,0,0,2,0,0,1,2,1,1,0,1,2,3,0,0,0,0,0,0,1,0,5,0,1,0,1,3,0,1,0,2,0,2,0,1,0,1,2,0,1,0,1,1,0,0,2,0,0,1,1,1,1,1,1,0,1,0,0,1,0,0,1,3,0,1,0,0,0,0,4,4,1,0,1,1,4,1,1,1,0,2,2,0,2,0,2,0,4,0,1,1,3,3,0,1,1,0,1,9,1,3,2,1,2,0,3,2,2,1,1,7,0,1,1,0,3,0,3,1,0,1,1,2,0,0,5,6,0,0,0,0,4,6,4,0,3,0,3,1,2,0,2,3,2,4,1,2,0,1,0,0,2,0,1,1,3,0,4,1,1,6,2,4,1,3,3,4,1,2,2,1,3,3,0,3,0,1,7,1,0,0,0,1,1,2,1,3,0,0,3,3,2,0,0,2,1,0,0,1,1,2,0,7,0,0,1,0,3,0,4,4,3,0,0,0,1,2,3,1,1,0,1,3,2,0,3,0,5,0,1,0,2,0,0,0,1,0,2,1,2,2,1,5,3,2,2,0,1,4,0,7,0,3,3,0,0,0,1,6,4,0,3,2,2,0,1,4,1,0,0,0,0,3,3,6,0,2,0,2,1,0,1,2,4,0,2,0,4,2
1999-08-01,1,1,0,1,0,0,0,0,0,0,0,0,0,2,1,0,0,0,0,2,2,2,0,2,1,0,2,0,1,2,0,1,1,0,0,1,2,0,0,2,1,0,0,1,0,1,0,0,0,0,0,0,0,0,1,0,1,0,1,0,0,2,0,3,2,0,0,1,0,0,2,0,1,0,1,1,0,2,0,0,1,0,0,1,2,4,0,0,1,0,0,2,2,0,0,0,0,0,0,2,1,2,0,2,0,0,0,1,0,0,0,2,1,1,0,0,0,0,2,0,0,1,0,1,0,1,5,0,1,1,3,1,0,2,0,0,0,0,2,1,0,4,0,1,0,1,0,1,1,0,0,1,0,1,1,0,0,0,0,1,0,0,1,0,0,0,0,0,2,2,1,0,1,1,0,0,2,0,2,0,0,0,1,1,0,0,0,0,0,3,2,0,0,2,0,0,1,1,0,0,1,0,0,0,4,0,0,0,0,0,1,1,0,1,3,2,2,0,1,0,0,0,2,0,3,0,0,0,0,0,0,0,1,1,1,0,0,3,0,1,0,1,0,0,2,0,0,0,0,0,0,0,1,0,0,1,2,0,0,0,0,0,0,1,2,2,0,0,0,0,0,0,1,0,0,0,0,2,1,3,0,1,0,0,1,2,1,2,1,2,2,0,0,1,1,1,1,0,0,2,0,0,0,0,0,0,2,1,2,0,0,0,0,0,0,0,0,1,0,2,1,0,0,1,1,1,2,1,1,0,0,3,1,1,1,0,0,0,2,0,2,0,1,0,0,0,1,0,1,1,4,0,2,0,1,2,0,0,1,1,0,4,3,2,0,0,0,1,0,0,0,0,0,0,0,0,0,0,0,0,0,0,0,3,1,2,0,0,3,0,2,2,0,0,1,2,1,0,0,0,0,0,1,0,0,0,3,0,2,0,1,0,0,0,2,0,0,0,0,1,2,1,2,0,0,0,1,1,1,0,3,1,2,1,0,2,0,0,5,1,1,0,0,0,0,0,1,0,0,0,0,0,0,2,0,1,0,0,2,0,0,2,0,2,2,0,3,0,0,1,1,0,0,0,4,1,1,0,4,0,2,2,1,4,0,1,1,0,0,0,0,1,0,0,0,0,0,0,0,1,1,0,2,0,0,0,0,1,4,1,1,0,1,0,0,0,3,2,2,1,1,0,0,4,0,5,0,2,2,1,0,1,2,0,0,1,0,0,2,0,1,2,0,3,1,0,0,0,3,0,0,7,3,0,0,2,0,1,1,0,3,0,2,0,1,0,2,0,2,2,0,0,4,0,0,0,2,1,0,2,0,0,1,1,0,2,1,2,4,3,3,0,2,1,3,0,1,1,3,2,2,3,2,3,0,1,1,1,1,1,2,4,1,1,1,1,2,3,1,0,1,0,0,3,3,0,1,2,1,0,4,2,3,3,0,1,1,1,5,3,1,0,0,1,3,0,0,1,1,1,0,2,1,1,2,0,2,2,5,0,0,1,1,2,0,2,4,0,2,1,1,0,2,0,0,1,2,1,4,2,0,8,5,0,1,0,0,0,0,1,1,3,3,0,2,1,0,0,0,1,1,0,0,1,1,3,2,0,1,0,1,1,0,1,0,0,0,0,0,1,0,2,0,0,1,1,1,3,0,1,1,1,1,0,5,1,2,2,1,1,1,4,0,1,0,3,1,0,1,2,0,4,0,0,3,1,3,4,0,3,2,4,1,0,2,1,2,0,0,0,2,1,3,1,2,1,1,4,2,6,0,4,2,1,0,0,2,1,2,1,2,0,0,0,2,2,0,3,2,4,0,5,4,2,0,2,5,3,2,4,8,2,1,4,6,2,0,1,4,0,1,1,0,2,0,0,0,0,2,0,2,3,2,1,3,1,0,1,3,0,5,2,3,0,2,1,4,3,0,2,3,5,1,2,4,4,0
1999-09-01,1,0,1,2,1,0,1,0,0,1,0,0,0,1,0,0,0,0,0,0,1,1,0,0,1,1,1,1,0,1,0,0,0,1,4,0,0,0,1,1,1,1,0,1,0,0,0,1,0,0,2,1,0,0,0,0,0,0,0,0,0,0,0,3,2,0,0,0,0,0,0,0,0,0,0,0,1,0,0,0,0,0,1,1,0,1,1,0,0,0,0,0,1,0,2,0,0,0,0,1,0,0,1,0,0,0,0,2,1,0,0,2,1,0,0,0,1,0,0,0,1,1,0,0,0,0,1,0,0,3,1,0,0,1,0,2,0,0,0,2,0,0,1,0,0,1,1,0,2,1,2,0,1,1,0,0,0,1,1,0,0,1,0,0,0,1,0,0,5,1,0,0,1,1,0,2,4,0,2,0,0,0,1,0,2,0,1,4,0,3,1,0,0,1,0,0,0,0,1,0,0,1,0,2,1,1,0,1,0,0,3,0,0,0,0,0,0,0,1,0,0,0,0,0,0,0,3,0,0,0,0,2,0,2,0,0,0,0,2,0,0,2,0,0,3,0,0,0,1,0,0,1,0,0,1,0,0,2,0,2,4,1,0,0,3,0,0,0,2,0,0,1,0,2,3,0,1,0,0,0,0,0,2,0,1,0,2,0,0,0,1,0,2,0,5,3,2,0,0,0,1,0,0,0,1,1,0,1,3,1,0,0,0,1,2,1,1,0,0,2,0,0,2,0,1,2,0,0,0,2,0,2,1,2,5,0,0,0,1,0,2,0,1,1,0,0,0,1,2,0,1,0,0,2,2,1,2,0,1,0,1,1,0,2,2,0,1,1,0,1,0,0,0,0,0,0,1,1,1,4,3,0,0,0,5,2,0,0,0,0,1,0,0,1,1,2,1,0,0,0,2,0,0,2,1,1,0,0,1,0,1,0,0,0,2,0,0,0,1,0,2,1,1,2,0,3,0,0,4,2,1,2,1,1,1,0,0,1,1,0,0,0,1,1,1,0,0,3,1,0,1,0,0,0,1,0,0,2,0,1,1,0,0,1,1,0,2,2,1,2,0,3,0,0,2,1,1,0,2,0,1,1,0,2,1,0,1,1,0,0,1,2,0,0,0,0,0,2,2,3,10,3,1,0,0,0,0,0,0,3,2,0,0,0,0,0,0,0,0,0,0,0,4,1,0,0,2,0,0,0,5,0,2,1,0,5,1,1,1,1,1,0,1,2,7,0,1,2,1,0,0,3,2,0,1,0,0,1,1,0,2,2,1,1,3,0,0,0,0,3,2,1,0,2,0,2,2,4,1,3,0,0,2,1,0,4,0,3,0,2,0,4,3,1,3,2,0,0,2,2,1,0,4,0,2,1,2,3,1,0,1,0,2,0,0,2,2,0,1,1,1,8,2,0,1,0,2,2,0,1,2,0,5,1,0,0,0,0,0,1,4,0,0,1,0,4,1,0,4,3,0,0,0,0,1,1,0,0,2,0,1,2,1,0,2,0,4,1,0,0,0,1,2,1,2,5,0,4,0,0,1,1,3,2,0,0,1,1,3,0,1,2,0,1,0,1,1,0,2,0,0,3,0,2,2,1,1,2,3,3,1,0,1,2,1,0,4,8,2,1,2,5,0,1,0,1,0,1,0,0,0,1,1,1,1,0,1,4,2,2,1,0,0,5,5,2,0,0,0,2,1,5,1,2,4,5,1,1,3,1,4,3,0,4,0,2,2,0,1,1,3,0,3,0,5,2,4,0,0,4,1,1,0,0,0,4,2,0,1,3,9,0,2,0,0,2,1,0,2,2,0,0,16,0,2,1,2,1,1,4,1,3,0,0,2,2,0,1,2,0,2,2,0,4,2,3,0,1,0,1,3,1,0,0,0,0,0,1,3,2,3,2,4,0,1,3,2,1,4,4,0,2,2,0,2,5,5
1999-10-01,0,1,1,1,1,0,0,0,1,1,0,1,1,0,0,1,1,0,0,0,0,1,0,0,1,0,2,0,0,0,0,0,0,1,0,0,0,0,0,0,2,0,0,0,0,0,0,0,0,0,0,0,1,0,0,0,0,0,1,0,0,2,0,0,0,0,0,0,0,0,0,1,0,0,0,1,1,1,0,1,0,0,0,0,0,1,1,1,0,0,0,0,0,0,1,0,0,0,0,0,0,0,0,1,0,1,0,0,1,0,3,1,1,1,2,2,0,0,0,1,0,1,0,1,0,0,4,1,0,1,0,1,0,0,0,0,0,0,1,0,0,1,2,0,2,1,1,0,0,1,0,0,2,1,0,0,0,0,0,0,1,0,0,0,1,0,1,0,2,0,2,2,0,1,1,0,0,1,0,0,0,0,0,0,0,1,0,1,2,1,1,1,0,1,0,1,0,0,0,3,0,3,1,0,0,0,1,1,2,2,0,0,0,1,0,0,0,0,1,0,1,0,0,1,0,1,2,0,0,0,0,2,1,0,1,0,2,0,0,0,3,1,0,0,0,0,1,0,0,0,0,0,0,0,0,0,2,1,2,3,0,1,0,0,2,2,0,0,0,0,1,0,1,1,1,0,0,0,2,0,0,0,0,1,2,0,0,2,0,0,0,0,0,0,2,0,3,1,0,1,1,0,0,0,0,3,0,0,0,1,0,0,0,2,0,0,1,2,2,1,1,0,1,2,1,0,2,2,1,3,1,1,0,2,2,0,0,0,4,1,0,1,0,0,2,0,1,0,3,0,2,0,2,0,0,2,1,0,0,1,0,0,1,1,0,0,1,0,0,0,0,0,1,0,0,1,0,0,1,1,0,0,0,0,0,4,0,0,2,0,0,1,0,0,0,0,1,0,2,0,2,0,0,0,0,0,0,0,5,0,1,0,0,1,2,1,3,4,2,0,0,0,3,1,1,0,0,1,0,0,2,0,0,0,1,0,0,0,0,0,3,1,0,0,1,1,0,0,0,1,0,0,0,3,2,0,0,3,0,0,1,0,0,1,1,1,0,0,1,0,1,0,0,4,2,0,0,0,2,0,2,0,0,0,5,2,0,4,0,3,0,3,0,0,0,0,0,1,2,3,1,1,0,2,0,2,1,4,2,0,1,1,0,0,10,0,0,0,0,1,0,0,0,2,0,0,0,1,0,0,0,0,1,0,2,0,0,0,0,0,0,2,4,1,10,0,0,0,0,1,1,1,3,0,1,1,0,0,1,0,0,2,3,1,1,0,2,0,3,0,1,1,0,1,2,1,1,0,0,2,1,0,1,0,1,0,0,5,0,2,1,0,1,2,4,2,2,1,2,1,3,0,1,0,1,1,1,0,0,1,1,0,1,0,1,1,1,1,1,0,1,0,1,0,0,2,0,0,3,4,5,0,0,2,2,0,2,3,1,0,2,0,2,0,0,1,2,1,0,0,0,0,2,1,1,1,1,0,0,0,0,1,0,3,1,2,5,0,0,3,0,1,2,0,0,0,0,1,1,0,0,1,2,0,2,0,0,1,2,1,2,4,0,1,2,0,3,1,0,0,3,1,1,1,0,0,1,0,0,0,4,4,0,1,2,0,0,0,0,0,0,0,0,3,2,0,1,3,3,1,2,0,5,2,0,0,1,0,1,1,1,0,0,1,1,2,0,0,0,1,2,0,2,0,1,0,0,1,2,1,0,2,0,3,0,0,0,0,2,1,1,3,1,0,2,2,1,2,1,1,1,4,1,0,4,4,1,2,0,1,4,0,1,1,2,2,2,4,2,3,0,0,0,5,3,1,0,0,1,1,2,3,1,0,2,5,2,0,0,10,1,2,0,0,0,2,0,1,0,1,2,0,0,0,1,0,0,0,1,0,0,3,3,8,3,2,1,1,2,2,3,0,5,2,0,0,3
1999-11-01,0,0,2,1,0,0,0,1,0,0,0,2,2,0,0,2,0,1,0,0,0,1,0,0,0,1,0,0,1,0,1,0,0,0,0,1,0,0,0,0,0,0,1,0,1,0,0,1,0,0,2,1,0,1,1,1,1,1,0,0,1,0,0,0,0,0,0,1,0,0,0,1,0,0,0,1,1,0,0,1,0,1,0,0,3,0,1,1,0,0,0,0,0,0,0,2,0,0,1,0,0,0,3,0,0,1,3,1,1,0,2,1,1,0,2,1,1,2,0,1,0,0,0,0,0,0,1,0,0,0,0,0,0,0,1,0,0,0,1,1,1,1,0,1,0,1,2,0,1,1,0,0,0,1,0,0,1,1,1,0,0,2,1,0,0,0,1,0,1,0,0,0,0,0,0,3,1,1,1,1,2,0,2,0,0,0,0,2,0,1,1,0,0,0,0,0,2,1,1,1,0,0,0,0,0,2,1,0,1,0,1,0,0,0,1,0,0,0,0,1,0,0,1,0,0,0,1,0,0,0,0,0,1,0,0,0,0,3,1,4,1,2,1,0,0,0,1,1,0,2,1,1,1,1,0,0,0,2,0,1,0,1,3,2,0,0,1,0,1,2,1,0,0,0,1,0,1,0,1,0,0,0,0,1,0,1,1,0,0,0,0,0,0,0,1,2,1,1,0,0,0,0,2,1,0,0,0,0,1,0,0,2,0,1,0,0,0,2,2,0,1,1,3,1,0,1,0,2,0,1,1,1,2,0,2,3,0,2,2,1,0,0,2,0,0,0,1,2,0,0,0,0,1,1,1,5,1,1,4,0,0,1,0,0,1,0,0,4,0,5,2,2,0,0,1,0,0,0,1,2,5,0,0,0,1,3,0,0,2,1,0,3,3,1,0,0,0,2,0,0,0,0,2,3,3,0,1,2,1,1,0,0,0,0,1,0,0,0,0,0,2,2,3,0,0,0,0,0,0,0,0,0,1,1,1,1,0,1,0,0,2,0,1,2,2,0,2,0,0,0,1,0,0,0,1,1,0,2,0,0,0,1,2,0,3,0,0,1,0,2,2,1,2,1,2,1,2,0,1,0,0,0,0,0,1,3,0,0,0,1,0,2,1,0,0,3,0,1,2,0,1,1,1,0,2,1,1,0,3,0,0,3,1,0,0,0,2,1,0,1,2,2,1,0,1,0,1,0,0,2,0,1,1,1,0,1,1,2,0,0,0,0,0,0,4,2,2,1,0,2,2,1,0,1,0,0,0,0,1,2,0,0,1,1,1,1,0,2,0,0,5,0,4,3,1,1,3,0,1,2,0,8,1,3,0,0,3,1,1,0,0,0,1,0,3,0,0,1,1,1,3,1,2,0,0,1,0,0,0,0,0,0,1,1,1,2,5,1,3,0,0,0,0,0,2,2,1,2,1,0,1,0,1,0,3,0,2,0,0,1,0,2,0,1,1,2,1,0,5,1,0,0,0,1,2,0,1,0,0,1,0,0,0,2,0,0,0,1,0,0,1,0,1,4,0,0,0,2,0,0,0,1,2,1,0,0,0,1,0,0,1,1,3,2,2,0,0,0,2,6,1,0,1,1,5,2,1,2,0,0,1,1,5,0,2,0,1,0,0,1,2,2,0,3,0,2,0,0,1,0,2,4,1,0,0,3,2,2,3,0,1,1,2,0,1,1,0,0,1,0,2,0,2,0,0,2,4,2,1,1,6,2,4,1,0,0,3,2,1,2,2,1,2,0,1,1,1,1,0,5,0,1,1,1,0,3,3,3,2,0,4,1,0,0,1,0,2,1,0,1,0,0,4,2,1,1,2,1,0,0,0,7,1,0,0,1,0,0,1,0,1,1,2,0,2,0,0,0,1,1,2,1,2,1,4,0,0,0,1,2,0,1,2,0,3,2,0,0,2,2,1,1,0,2,4,1,1
1999-12-01,0,0,0,1,0,0,0,0,0,1,0,1,0,1,2,0,0,1,0,0,0,0,0,1,2,0,0,0,0,0,0,0,0,0,0,1,0,0,0,0,0,0,0,0,1,0,0,0,0,0,0,0,0,0,0,0,0,0,0,0,0,0,0,0,0,0,0,0,0,1,1,0,0,1,0,0,1,0,0,2,0,0,1,2,0,0,0,1,2,1,0,1,0,0,0,2,0,1,0,2,0,1,0,1,0,1,1,0,0,0,2,0,0,0,0,2,0,1,1,0,1,0,0,0,0,0,0,0,0,0,0,0,0,1,0,2,1,0,0,0,0,0,0,0,0,0,0,1,1,2,0,0,0,0,0,0,0,1,0,1,0,1,2,0,0,1,0,0,0,1,0,0,0,0,0,3,0,3,1,1,0,1,0,1,0,0,0,0,0,0,0,0,0,0,1,0,0,0,0,0,0,2,0,0,0,0,0,3,1,0,2,0,1,0,0,0,2,0,0,0,0,0,0,1,1,0,3,0,0,0,1,0,1,0,0,0,0,1,0,0,0,2,0,2,0,1,0,0,0,1,2,1,0,0,0,2,1,2,0,2,3,0,0,0,0,1,0,0,0,0,0,2,2,1,1,0,2,3,0,2,2,3,0,0,0,0,0,4,0,0,1,0,2,0,1,1,0,0,1,1,0,0,1,0,0,0,0,2,0,1,0,2,1,0,1,0,0,2,0,3,0,0,0,0,0,0,0,0,1,0,0,0,0,1,0,0,2,0,1,0,2,1,0,1,1,2,0,0,0,1,2,0,0,2,1,1,0,0,0,1,0,0,1,1,1,0,0,1,1,1,0,0,1,2,1,0,0,0,2,1,0,0,0,0,1,0,0,0,4,2,0,1,2,0,0,1,3,0,0,2,2,2,1,0,0,0,0,0,2,0,1,2,0,0,0,0,0,2,0,2,1,0,1,1,2,0,0,0,0,1,1,0,1,1,0,2,2,0,2,0,1,1,2,0,2,2,0,0,0,2,1,0,0,0,3,0,0,2,1,0,2,0,0,0,0,0,1,1,0,0,1,1,0,1,1,2,4,2,0,1,1,1,0,0,2,0,0,0,0,4,2,0,0,0,2,1,0,0,0,3,1,0,0,0,1,1,1,0,2,1,1,2,0,1,0,1,0,0,0,0,1,2,2,0,1,0,0,1,0,0,0,1,0,1,1,0,0,1,0,0,0,1,0,0,3,0,3,0,0,1,0,2,3,1,0,2,1,0,1,2,0,1,1,1,0,0,0,0,0,0,1,0,1,0,1,0,0,0,0,0,0,0,3,3,0,0,1,0,0,0,1,1,3,1,3,0,0,1,1,1,2,2,0,1,0,0,0,0,0,0,1,2,0,3,0,0,0,0,0,2,0,0,2,2,1,1,0,0,3,4,1,1,0,0,0,0,0,2,2,3,2,0,3,0,0,0,0,1,1,0,5,3,0,1,2,0,2,1,0,0,1,2,0,0,2,0,2,1,1,1,0,0,1,0,1,2,0,4,1,4,0,0,1,3,0,1,1,1,1,0,0,0,1,0,0,3,3,0,8,0,1,0,0,1,1,1,0,0,4,1,0,1,0,2,0,0,2,2,4,1,0,0,0,2,0,1,1,2,0,1,1,0,1,0,0,2,1,0,2,4,0,1,0,0,5,1,2,4,1,1,0,3,5,1,0,4,0,2,3,0,3,3,0,0,1,2,2,0,1,0,1,0,1,0,0,4,1,0,1,2,1,0,4,0,0,1,2,0,2,0,1,1,3,2,0,0,5,0,3,0,2,2,1,2,2,3,0,1,1,0,5,2,0,0,2,0,0,1,0,0,0,5,1,2,0,4,0,0,1,0,2,0,4,2,1,0,5,2,0,0,0,1,3,0,0,1,1,1,6,1,0,0,1,2,4,3,3
2000-01-01,0,0,1,0,1,0,0,0,0,0,0,1,1,0,1,0,0,0,1,1,1,0,0,0,1,0,0,0,0,0,1,0,0,1,0,2,0,0,0,1,0,0,2,0,0,2,0,1,1,0,0,0,0,1,0,0,0,1,1,1,1,0,3,0,0,0,0,0,0,0,0,1,0,2,0,1,1,1,0,1,1,1,0,2,0,0,1,0,1,0,1,0,1,0,3,0,0,0,0,0,0,1,0,1,0,0,0,2,0,0,1,0,2,0,0,0,3,0,0,2,0,0,0,0,2,1,0,0,0,0,0,1,1,1,1,1,1,0,0,0,0,1,1,1,0,1,1,0,0,3,0,0,1,0,1,0,0,0,1,1,0,0,2,1,0,0,0,0,0,1,0,0,0,0,0,0,0,0,0,0,0,0,0,0,3,2,0,0,0,0,2,1,0,0,0,0,2,0,0,0,4,2,0,0,2,0,0,1,0,1,3,0,0,0,1,0,1,1,1,4,1,0,0,1,0,2,0,1,0,2,1,0,0,0,0,0,0,2,0,0,0,0,0,1,2,0,0,1,0,1,0,0,0,1,0,0,0,0,0,0,0,0,0,0,2,0,0,0,0,0,1,1,0,3,1,1,0,0,1,1,0,0,0,3,1,1,0,2,0,1,0,0,0,0,0,1,0,0,2,0,0,1,0,0,1,0,0,1,0,0,2,0,1,1,3,0,0,0,0,0,0,0,0,1,2,1,0,0,0,1,0,4,0,1,1,0,1,0,1,2,1,1,1,2,0,2,0,0,0,2,1,0,0,0,0,0,1,2,0,1,0,4,0,2,0,2,0,2,0,1,0,1,2,0,0,0,1,1,1,1,1,1,1,1,0,1,0,4,0,0,0,0,0,1,3,4,0,3,0,1,0,2,1,0,0,0,0,1,0,0,1,0,0,0,0,0,0,0,0,7,3,2,3,0,3,0,4,1,2,1,0,3,1,3,2,1,0,0,3,0,0,1,1,2,1,0,4,2,0,4,0,2,0,0,0,0,0,0,3,1,0,1,1,1,3,0,1,0,0,2,1,1,0,6,1,0,4,1,0,0,1,8,1,0,1,1,0,0,0,1,1,0,1,3,0,1,0,0,1,2,2,0,0,0,0,4,0,0,1,2,0,3,2,0,0,2,1,4,0,1,0,0,0,0,1,0,1,0,2,1,0,0,0,0,1,2,0,0,0,0,1,2,3,0,3,2,0,0,0,0,2,2,3,1,1,0,1,0,0,1,1,0,1,1,0,0,2,0,1,1,1,2,2,0,1,0,1,2,2,2,0,0,1,3,0,3,1,0,1,1,0,0,0,1,0,1,0,0,1,0,1,2,0,0,1,0,0,1,0,1,2,0,0,0,0,0,1,0,0,0,1,0,0,1,3,0,0,3,3,0,2,0,3,0,2,4,1,0,1,1,0,0,0,2,0,0,0,2,3,0,7,0,4,1,0,1,0,0,0,1,1,3,1,0,0,0,0,0,1,0,3,1,1,0,1,0,0,2,1,0,0,0,2,0,0,0,2,1,2,4,0,0,1,1,0,2,3,0,0,0,2,1,0,1,1,1,1,1,3,2,0,2,0,0,0,1,0,0,0,1,2,0,1,0,2,0,0,4,0,2,1,1,2,2,1,0,3,0,4,0,3,0,5,1,3,5,2,0,3,1,1,1,0,0,2,0,1,1,0,2,0,1,2,0,0,0,0,0,0,2,1,3,1,2,0,0,0,0,0,4,5,0,0,3,1,1,1,4,0,1,1,1,2,1,1,0,6,1,2,2,4,1,0,0,0,1,0,2,2,0,1,1,1,1,0,4,2,1,0,0,2,0,9,4,0,0,1,2,0,2,2,2,1,3,2,2,0,4,2,0,1,3,0,4,5,0,1,0,4,4,0,3,1,2,2,1,4
2000-02-01,0,0,0,0,0,1,0,1,1,1,0,0,1,1,1,0,1,0,0,1,0,1,0,1,0,3,0,0,1,1,1,1,0,0,0,0,0,1,0,1,0,0,1,0,0,0,0,0,0,1,2,0,2,0,3,0,0,0,0,0,0,0,0,0,0,0,2,2,0,0,0,1,1,0,0,0,0,0,0,1,0,0,1,0,0,1,0,1,0,1,1,0,1,0,0,0,2,1,0,0,0,2,1,1,1,2,0,0,0,0,1,2,0,1,0,0,1,1,0,1,0,0,1,1,2,0,0,0,1,0,0,1,0,0,0,0,1,3,0,0,0,2,1,0,0,0,0,0,0,0,0,0,0,1,1,2,1,0,1,0,1,0,0,1,0,1,0,1,0,1,0,2,0,0,0,0,0,1,0,0,1,1,0,0,0,2,0,0,0,0,1,0,0,1,0,0,3,0,0,1,0,2,0,0,1,0,0,1,2,1,1,0,0,0,1,0,0,2,0,0,0,1,0,1,1,0,2,0,0,1,1,2,0,0,1,1,1,2,0,0,1,1,3,1,0,1,2,0,1,0,1,2,1,0,0,2,1,2,0,0,0,0,0,0,0,0,1,0,0,2,0,0,0,2,0,0,1,1,0,3,0,0,0,0,0,2,0,0,0,0,0,0,1,0,1,0,1,2,0,1,1,1,2,0,2,1,2,0,0,1,1,0,5,1,0,2,2,0,1,3,0,1,0,4,0,0,1,0,0,1,1,0,0,0,2,0,1,1,0,1,0,1,2,2,1,0,0,0,0,2,2,0,0,1,1,1,1,0,1,1,0,0,0,0,0,2,1,0,2,0,1,0,0,0,1,0,0,1,2,1,0,1,0,2,0,1,1,0,0,1,0,0,0,0,0,2,4,1,0,0,0,0,3,0,0,0,0,1,0,0,0,0,0,0,0,1,1,0,1,2,3,1,0,0,0,0,0,1,0,1,2,0,0,0,3,0,0,0,1,0,1,0,1,1,2,0,0,1,0,1,0,2,1,0,0,1,1,0,0,1,0,1,0,0,0,0,1,1,0,0,2,0,2,0,0,0,0,1,2,2,2,0,2,0,1,0,2,2,0,0,0,1,1,3,0,0,0,0,0,2,0,1,0,3,6,0,2,1,0,1,0,2,0,3,0,0,0,0,0,1,1,2,0,2,0,0,0,0,0,0,0,1,1,0,0,0,1,0,0,0,0,2,1,0,4,0,2,0,0,1,1,1,0,2,0,1,1,1,1,2,3,3,3,0,0,0,2,0,1,1,1,0,0,0,2,2,0,5,0,0,0,0,0,1,0,1,0,1,0,2,0,0,2,1,0,0,0,0,1,1,3,1,2,3,5,0,2,0,0,0,2,1,0,0,1,1,1,1,2,2,2,0,0,0,0,0,0,2,0,2,0,0,2,2,1,1,0,0,3,1,0,0,2,3,0,2,1,1,4,1,2,1,5,1,3,0,0,1,1,0,0,2,2,0,2,3,4,0,1,0,1,0,0,0,0,2,0,1,2,4,0,1,0,0,0,0,0,0,0,0,0,0,0,2,3,1,2,1,0,0,3,0,1,2,1,1,0,0,3,0,0,2,1,1,1,0,1,2,0,0,2,1,0,2,2,0,0,0,3,2,0,0,0,2,1,2,0,0,0,1,1,0,2,0,1,1,0,6,1,6,0,0,0,3,0,0,0,0,0,2,0,0,0,0,0,2,1,3,0,1,0,2,1,0,3,2,4,0,2,4,7,3,0,2,0,1,3,0,0,1,2,2,1,2,2,0,8,0,2,1,2,0,0,3,0,0,1,2,2,0,2,0,0,0,0,1,3,0,0,0,0,0,0,6,0,2,0,0,0,1,0,2,0,1,0,2,0,1,1,0,0,0,1,0,6,0,4,0,2,0,0,1,1,1,0,0,3
2000-03-01,0,1,0,1,1,1,0,1,0,1,1,0,2,0,0,0,0,0,0,1,0,0,1,1,1,1,1,0,0,1,0,1,0,0,1,0,0,1,1,1,1,0,1,0,1,0,0,0,0,0,1,2,1,0,1,2,1,2,2,1,1,0,3,1,1,2,1,1,0,2,0,0,0,0,2,4,2,0,1,1,0,2,0,0,1,2,0,0,0,1,0,0,0,0,1,1,1,0,0,0,0,0,2,2,1,1,1,0,1,0,2,0,0,1,1,2,1,0,0,0,1,3,1,0,2,0,1,0,2,1,0,0,0,4,0,2,0,2,2,1,0,0,0,1,2,0,1,1,0,0,1,1,0,0,2,2,2,1,0,0,0,1,0,0,0,1,0,2,0,1,1,0,0,1,0,0,1,2,0,0,0,0,1,0,1,0,0,2,0,0,1,1,1,0,0,1,0,0,0,0,1,1,0,2,0,0,0,0,0,0,0,0,0,1,1,1,0,1,1,2,0,0,1,0,1,0,1,2,4,0,2,0,2,0,0,0,0,2,2,2,1,2,0,0,0,0,1,0,0,0,0,0,0,0,0,0,2,1,3,0,0,0,1,1,1,5,0,0,1,0,1,0,1,1,0,0,1,1,0,0,0,1,1,1,1,0,0,2,0,0,1,1,3,0,2,0,0,1,1,0,2,0,0,1,1,0,0,0,2,3,1,0,4,2,1,0,0,0,0,1,0,0,0,0,2,1,2,0,0,2,0,1,0,0,1,1,2,0,2,1,0,0,2,1,0,0,0,0,0,2,2,0,0,0,1,1,1,1,1,2,0,1,1,2,1,1,2,1,0,0,1,0,0,0,0,2,0,5,1,6,5,2,2,0,0,1,0,0,1,1,1,0,0,0,0,1,0,0,0,1,0,1,0,0,0,1,3,0,1,0,2,3,0,1,2,0,2,2,6,0,2,0,0,6,0,0,0,0,4,0,0,0,1,1,1,0,0,0,2,0,0,0,0,1,0,2,0,0,1,1,1,0,1,2,2,0,1,1,2,0,0,0,2,0,1,2,2,0,1,0,0,0,0,1,2,0,0,2,2,0,1,0,1,4,2,1,0,0,0,0,0,1,0,3,0,1,1,1,0,0,0,2,0,2,1,1,1,0,0,0,6,4,2,2,0,2,0,1,1,1,1,0,3,0,4,3,0,0,0,1,1,1,0,0,1,1,1,0,0,0,0,0,0,0,2,3,1,0,0,1,0,0,1,1,2,2,2,1,1,0,0,0,1,1,0,4,0,0,2,3,2,1,0,1,3,0,0,1,1,1,4,0,0,1,4,0,2,0,0,1,5,0,1,3,0,3,6,0,1,2,3,1,3,0,1,0,0,0,0,1,4,0,0,2,0,0,1,0,0,1,0,0,2,0,0,0,3,0,0,3,0,0,1,0,1,0,0,2,0,2,0,4,1,1,0,2,0,1,1,3,4,0,2,0,1,1,3,3,0,2,0,0,0,0,2,0,3,1,0,3,2,0,3,0,1,1,2,3,1,1,1,1,3,0,2,0,2,1,1,2,0,2,0,0,0,1,1,0,0,2,0,1,0,0,0,0,4,2,0,2,0,1,0,0,1,3,0,0,2,0,4,1,1,1,2,1,0,0,0,1,1,0,0,3,0,0,0,0,1,0,2,0,4,0,1,1,0,0,0,2,1,1,0,1,4,2,1,0,0,3,3,1,0,2,1,2,0,0,2,5,1,1,1,0,2,1,2,1,0,2,2,0,2,1,1,1,0,0,0,3,3,0,0,3,3,2,4,2,2,5,4,1,0,4,1,1,2,0,0,1,1,0,2,2,0,3,4,0,4,0,0,0,0,0,0,3,0,3,1,2,0,0,0,0,1,0,0,1,2,0,1,1,0,0,4,0,2,3,4,1,0,3,3,3,1,1,0
2000-04-01,1,0,1,0,0,2,0,0,1,2,1,0,1,0,0,0,0,1,0,0,0,0,0,0,0,0,0,1,1,0,1,0,1,1,0,0,0,1,1,0,1,0,0,1,0,0,1,0,1,0,0,1,0,0,0,0,0,1,0,4,0,0,1,0,0,0,1,0,3,2,1,1,0,0,0,0,0,0,0,1,0,0,2,0,1,0,3,0,0,0,2,0,0,0,0,1,0,0,0,1,1,0,3,0,2,1,3,0,0,0,0,1,0,1,0,1,1,0,0,0,1,4,1,0,2,0,0,2,0,0,1,0,2,1,0,0,1,1,0,0,0,0,0,1,1,0,0,0,0,0,0,0,0,0,0,0,0,1,0,1,0,0,0,0,0,0,1,0,0,0,1,0,0,0,0,1,2,0,0,0,0,2,0,0,0,0,0,0,2,0,0,0,2,1,1,0,0,0,0,2,2,1,3,3,0,0,1,0,1,2,2,0,1,1,1,1,0,0,4,0,1,0,0,0,1,1,0,0,2,1,0,0,1,0,0,0,0,0,0,0,1,1,0,2,0,2,0,0,1,1,1,2,2,1,0,0,1,2,1,0,0,0,1,0,1,4,0,0,2,0,6,1,1,0,0,1,0,1,1,2,0,2,0,0,0,1,3,0,1,0,0,0,0,0,0,1,0,1,0,0,0,4,0,0,2,0,2,0,0,1,2,1,0,2,1,0,1,0,0,2,0,4,0,1,1,0,0,0,0,1,0,0,0,0,2,4,2,0,0,0,2,0,0,0,0,2,2,0,1,0,3,4,0,1,1,1,0,1,2,0,2,1,1,0,1,0,0,1,0,0,1,0,0,0,1,1,0,0,0,1,4,1,1,1,1,4,1,0,2,0,0,0,2,1,1,0,1,0,3,1,2,0,0,3,0,0,0,2,1,0,1,1,0,0,2,0,1,0,0,1,0,0,2,0,1,0,0,1,3,0,0,0,0,0,1,1,0,0,2,1,1,1,2,0,1,1,2,0,0,0,2,1,0,1,0,5,2,0,1,1,0,0,1,2,0,0,0,2,1,0,1,0,0,2,0,0,0,0,2,0,0,1,4,0,1,1,0,1,0,0,0,1,3,0,0,0,0,3,0,0,1,1,1,0,0,1,2,4,1,0,0,0,0,0,0,0,1,0,0,3,0,1,0,0,0,0,2,0,0,0,2,1,1,0,0,1,0,0,0,0,0,0,2,0,0,2,0,0,1,0,0,1,0,0,0,1,0,0,1,1,0,1,0,2,0,0,0,1,0,1,1,0,0,0,0,1,0,0,0,1,0,0,1,0,0,0,0,0,1,1,0,1,0,3,0,0,0,0,0,0,2,1,2,0,2,0,3,1,1,0,1,0,4,2,1,1,0,0,2,1,0,1,0,0,0,0,0,1,1,2,3,1,1,0,0,3,0,0,1,0,1,0,0,2,2,0,1,0,0,0,0,0,1,0,0,1,0,0,0,1,1,0,0,0,2,3,1,2,1,0,1,1,0,1,0,1,1,1,1,0,0,2,0,1,1,1,0,2,1,0,0,1,0,0,1,3,1,0,0,0,0,5,0,2,0,0,0,0,6,0,1,0,0,1,1,0,1,0,2,0,0,3,0,0,0,0,0,0,0,5,2,1,0,0,0,0,1,0,2,1,0,0,0,2,4,0,2,0,0,2,2,0,1,0,3,0,0,1,0,1,1,2,4,0,2,2,3,1,1,0,1,4,2,0,2,0,1,0,1,2,0,1,0,2,1,0,0,1,0,1,1,3,1,1,1,0,4,0,1,2,0,0,0,0,3,1,4,1,4,1,0,3,1,2,28,0,0,2,3,0,3,2,2,0,2,5,6,4,0,0,1,1,1,1,0,1,0,0,4,0,3,0,5,8,2,0,1,0,2,0,0,2,0,0,2,4,1
2000-05-01,0,0,0,0,0,1,0,0,1,0,0,0,0,1,0,0,0,0,0,0,1,0,0,0,0,0,0,1,0,0,0,0,1,0,0,0,1,0,0,2,0,2,0,0,0,1,1,0,0,2,0,0,0,1,0,0,0,2,0,0,1,1,1,2,0,0,0,1,1,0,0,1,0,0,0,2,0,0,0,0,0,1,1,0,0,1,0,1,0,0,0,1,2,0,1,0,0,0,1,0,0,1,0,1,3,0,1,0,0,0,0,0,0,1,1,0,0,0,0,0,0,0,0,1,2,1,0,1,0,0,0,0,0,0,0,0,2,0,0,0,0,0,0,0,0,1,0,1,0,1,0,2,0,0,0,0,1,4,1,0,1,0,0,0,1,0,3,0,0,0,1,0,0,0,0,0,0,3,4,6,1,0,1,1,1,0,0,0,0,1,0,2,1,0,0,0,0,0,0,1,0,0,1,1,3,0,1,0,0,1,3,1,0,0,0,0,0,0,0,0,2,1,0,0,0,1,0,0,0,0,0,1,0,0,0,0,0,0,0,0,1,0,0,1,0,0,1,1,0,2,0,0,2,0,0,0,1,1,0,0,1,1,0,0,3,2,0,1,2,0,0,0,0,1,0,0,0,0,2,0,0,0,1,0,0,0,0,0,0,4,0,1,0,1,1,0,0,0,0,0,0,1,1,0,0,2,1,1,0,0,3,0,0,3,0,0,0,1,1,0,0,0,0,0,1,1,0,0,1,0,1,1,0,1,0,0,3,0,2,0,0,0,0,2,0,1,0,1,0,0,0,1,2,0,1,2,1,2,0,0,1,0,0,0,1,0,0,0,0,0,0,0,0,0,0,0,1,0,0,2,2,2,0,1,0,0,0,0,2,3,2,0,0,0,1,0,0,1,1,0,2,0,0,2,3,0,1,2,0,2,0,1,0,0,1,1,0,0,1,0,0,3,2,0,0,0,0,0,0,0,1,0,3,0,0,0,0,2,1,1,0,4,1,0,0,1,2,0,5,1,0,0,5,0,0,5,1,0,1,0,1,1,1,0,0,1,1,1,2,0,0,2,1,1,3,0,0,2,3,3,1,0,1,2,0,1,0,0,1,0,0,4,0,4,1,0,0,1,0,0,0,1,0,0,1,0,0,0,0,0,0,1,0,1,0,0,0,0,0,1,0,0,0,0,0,0,0,2,3,1,1,0,1,0,2,0,0,3,0,2,0,3,0,0,0,2,1,1,1,1,0,2,1,0,0,2,2,2,1,2,1,2,0,0,0,1,0,2,0,2,0,1,0,3,0,1,0,0,0,3,1,0,0,1,1,0,3,0,1,2,0,2,0,0,4,0,0,0,0,3,1,1,0,0,2,0,1,0,0,1,2,2,1,0,0,0,0,0,0,0,0,0,1,0,1,2,2,0,1,3,0,2,1,1,0,0,2,1,0,2,2,1,0,0,0,0,0,2,4,1,2,0,0,2,0,1,0,5,1,1,3,0,0,0,0,0,1,1,1,1,3,1,0,1,1,1,0,3,3,0,0,0,4,2,1,0,0,1,0,1,2,0,1,0,0,1,0,2,2,0,0,1,0,1,0,0,2,1,1,1,2,2,2,0,1,3,3,2,0,0,0,0,1,1,1,0,0,0,0,0,0,0,0,0,0,1,1,2,0,0,0,0,1,1,0,2,1,2,0,1,2,0,2,1,2,0,0,1,1,1,2,1,0,1,2,1,0,0,0,0,2,2,0,1,0,0,2,0,2,3,4,0,0,2,0,0,3,0,2,0,0,2,0,0,1,3,7,1,0,1,2,1,0,0,0,1,0,1,0,0,0,2,1,0,0,1,0,0,4,12,0,3,14,0,2,1,3,3,2,1,0,1,1,2,3,1,0,10,1,0,0,2,1,0,1,0,1,3,2,0,3,2,0,1,6,3,1
2000-06-01,0,0,0,0,0,0,0,1,0,1,1,0,1,0,1,1,0,1,1,1,0,1,0,0,0,0,1,0,0,1,0,0,1,0,0,0,0,1,1,0,1,0,0,0,0,1,0,1,0,2,0,0,0,0,0,0,0,0,3,1,1,0,0,0,0,1,3,0,1,0,0,2,0,0,1,2,2,1,0,1,0,1,0,0,1,0,0,0,0,0,0,0,0,0,0,2,2,0,0,0,1,0,0,2,1,1,2,1,0,2,4,0,1,0,0,0,0,2,2,1,1,0,0,1,0,2,0,1,2,0,0,2,1,0,0,1,2,0,0,1,0,1,0,3,1,0,2,1,0,2,1,1,2,2,1,0,2,0,1,1,1,0,0,0,1,0,0,1,0,0,0,0,2,2,1,0,1,0,0,0,1,0,1,1,0,1,0,2,0,0,0,2,1,0,0,0,0,0,0,1,0,0,1,0,1,1,0,0,0,0,4,0,0,0,1,0,2,1,0,4,0,0,1,0,1,0,1,0,0,1,0,0,3,1,0,3,0,0,1,0,1,0,1,2,0,1,1,3,1,1,0,0,1,0,0,4,0,0,0,0,3,1,0,1,0,1,2,0,0,2,3,2,0,0,1,1,1,0,0,0,0,0,0,0,0,0,0,0,1,0,1,0,0,2,2,2,1,1,0,0,0,0,2,0,0,0,0,0,0,0,0,0,1,2,0,2,2,1,0,0,0,1,2,0,0,0,0,0,0,0,1,0,1,0,1,0,1,2,1,2,1,0,0,1,0,1,0,1,0,2,0,6,1,0,0,2,0,1,1,0,0,0,0,0,0,1,1,0,0,2,0,0,0,0,0,0,0,2,1,4,1,0,0,0,0,2,0,2,0,0,3,0,1,0,0,0,0,1,2,1,0,0,1,1,1,1,2,0,0,1,1,0,1,0,3,0,1,0,2,0,3,0,0,0,3,1,0,0,0,0,0,2,2,0,0,1,0,0,3,1,0,2,1,1,0,1,0,1,1,0,0,3,0,0,1,0,4,2,0,3,2,0,0,0,0,1,1,0,1,0,1,1,3,0,0,0,0,1,2,1,0,0,0,0,0,1,0,2,0,0,0,1,1,2,0,0,2,0,2,0,0,1,0,0,2,1,1,0,0,0,0,3,1,1,0,0,0,0,0,0,2,0,0,3,0,1,0,0,1,0,1,0,0,0,0,0,1,0,1,0,0,1,0,0,1,2,0,2,0,0,0,0,0,1,0,2,0,1,0,1,2,0,2,1,1,0,0,0,0,0,0,1,0,1,2,1,0,0,1,0,2,0,1,0,3,0,1,0,0,0,1,1,0,0,1,0,1,0,2,0,0,0,1,0,2,0,0,1,0,0,1,0,2,3,1,0,0,0,1,1,0,1,0,7,1,1,1,0,1,0,0,0,2,0,0,1,1,0,1,5,0,2,0,0,1,0,0,0,3,0,0,1,0,0,0,0,0,0,0,0,0,0,0,1,2,1,1,1,1,0,0,0,1,0,1,0,1,0,2,0,0,0,0,1,0,1,1,6,1,1,0,1,0,2,0,3,2,2,4,0,1,0,0,1,0,3,0,0,0,2,1,1,0,2,0,2,2,2,0,1,0,0,1,1,2,1,0,2,2,2,0,1,0,1,0,3,2,2,0,3,0,0,1,1,1,1,0,2,0,2,2,3,2,0,2,2,1,0,1,1,8,1,2,1,0,1,0,0,0,0,2,1,0,0,0,3,3,1,1,3,3,4,7,1,0,2,1,0,0,3,2,0,2,0,0,2,2,0,0,0,0,2,9,1,0,2,1,4,1,1,2,4,1,0,2,0,0,0,1,7,1,2,2,0,0,4,0,2,1,0,0,3,0,1,0,2,5,0,1,4,1,1,2,0,0,1,2,1,0,1,1,0,0,3,2,3,1
2000-07-01,0,0,1,0,1,0,0,0,0,0,1,0,1,0,1,0,1,1,1,1,0,0,2,0,1,0,0,0,0,0,0,0,0,0,0,1,5,0,3,0,1,2,1,0,0,0,2,0,1,1,0,0,2,0,1,0,0,0,0,0,0,0,0,0,0,0,0,0,0,0,0,0,0,0,1,0,2,1,1,0,0,0,1,1,1,0,1,0,1,0,0,0,1,0,0,0,1,0,2,1,0,0,0,2,4,0,4,0,1,1,1,1,1,0,0,0,0,0,0,0,0,0,0,1,0,0,0,0,0,0,0,0,3,1,0,2,1,0,0,0,0,1,0,0,0,0,0,0,2,0,0,0,0,0,1,0,0,1,0,0,2,1,0,0,0,0,0,1,2,0,3,1,1,0,1,0,1,0,2,0,0,1,0,0,1,1,1,0,0,2,0,0,0,0,0,0,0,0,1,1,0,1,0,0,1,2,0,0,0,0,0,0,0,1,0,1,0,1,1,0,0,2,0,0,2,1,2,1,0,0,0,0,0,0,1,4,0,0,0,0,1,0,3,0,2,1,1,0,2,1,1,1,1,1,3,2,0,2,3,2,0,0,0,0,0,0,1,0,0,0,2,0,0,0,0,0,2,0,0,1,3,0,1,0,0,0,0,0,0,2,1,3,0,2,0,0,2,0,1,0,3,0,0,0,0,2,2,0,1,0,1,2,0,8,3,0,5,1,0,0,0,0,0,0,1,0,0,0,0,0,2,1,0,0,0,1,2,1,0,1,2,1,0,0,2,0,0,0,1,2,1,5,0,0,3,2,0,1,0,2,2,0,0,0,0,0,0,0,1,0,0,0,1,0,0,0,0,1,1,0,1,0,0,3,2,2,0,0,1,0,1,0,0,0,0,3,0,0,3,0,0,0,0,0,0,0,1,1,1,0,0,0,0,0,2,0,0,2,0,0,0,2,0,4,2,0,0,1,0,0,0,1,1,1,0,0,0,0,0,1,0,0,2,0,1,1,0,3,1,0,0,3,0,0,1,1,0,0,0,0,0,2,1,2,0,0,0,0,0,0,0,1,0,0,1,2,0,2,1,1,0,2,1,2,1,1,1,0,0,0,0,0,2,3,1,0,2,0,0,0,0,1,0,2,3,0,2,1,1,0,0,2,1,0,1,2,0,1,3,0,0,0,1,2,0,4,0,0,1,1,0,0,0,3,0,1,1,0,0,2,0,2,2,0,4,3,2,0,2,2,0,0,3,1,2,0,5,0,0,1,1,3,1,0,1,0,2,1,0,1,0,1,1,0,0,1,0,3,0,0,0,0,1,0,0,1,0,1,4,0,0,0,2,1,1,0,0,2,1,3,0,2,0,0,3,0,1,1,0,1,0,3,0,2,0,0,2,0,0,1,1,0,0,2,1,0,0,0,0,0,0,4,1,1,0,1,0,0,0,2,0,2,0,3,2,1,2,1,0,0,2,1,5,0,2,0,0,2,0,1,0,1,0,1,1,1,2,1,12,0,1,0,0,1,0,3,3,1,1,0,1,1,2,0,0,0,0,0,1,0,1,0,1,0,0,0,1,6,8,1,3,0,1,1,1,1,3,2,2,1,0,0,0,0,0,0,0,2,0,1,0,0,0,0,0,0,0,1,4,1,1,3,2,1,0,4,1,0,1,0,4,0,3,5,0,1,0,6,3,0,0,0,0,0,2,2,1,1,0,0,0,1,1,0,1,3,2,1,4,1,1,0,0,0,0,1,0,3,3,1,0,3,4,2,2,1,1,0,1,2,6,2,0,2,4,6,10,0,0,0,4,0,0,2,0,1,1,0,0,0,1,4,0,0,8,2,2,0,3,0,4,1,7,0,0,1,3,0,1,4,4,0,0,1,0,2,10,2,1,4,3,0,0,0,0,1,1,0,0,0,1,2,3,0,0,0,1
2000-08-01,1,1,0,0,2,1,0,0,0,0,2,0,0,1,0,1,1,0,1,3,0,0,0,0,1,0,0,0,0,0,0,1,0,0,0,0,1,0,0,0,0,0,0,1,0,0,2,3,1,0,1,0,0,0,2,0,1,0,3,1,2,0,0,1,0,1,1,1,0,1,1,0,1,0,0,1,0,0,0,0,0,0,0,1,0,0,0,0,0,0,2,0,0,1,0,1,1,0,2,0,0,0,2,0,5,1,1,1,1,1,0,0,0,1,1,1,0,1,0,1,0,0,0,0,0,1,0,3,0,0,0,0,1,1,0,1,0,0,1,0,0,1,1,0,1,0,0,0,0,1,1,1,1,0,0,1,0,0,0,2,0,0,2,1,4,0,0,1,0,0,1,0,0,0,0,0,2,2,0,0,4,2,2,2,0,1,0,0,0,0,0,3,0,1,0,0,1,0,0,1,3,0,1,3,0,3,3,2,0,2,1,1,0,1,2,2,0,0,0,0,1,1,1,0,1,1,1,3,1,0,3,2,0,1,0,0,1,1,0,0,0,0,1,1,2,1,4,1,0,6,2,0,0,2,1,0,0,1,4,2,0,0,0,1,0,2,1,1,1,3,3,1,2,1,2,0,1,0,0,0,0,1,0,0,0,1,1,1,0,1,1,0,0,3,0,0,0,2,1,0,1,0,0,0,0,2,0,2,1,0,3,2,0,5,0,1,3,2,0,0,0,0,4,0,0,0,0,1,1,0,0,0,0,0,0,1,0,0,0,1,0,0,3,1,4,1,0,1,0,1,0,1,0,0,0,0,0,2,1,0,0,1,3,2,2,1,0,2,0,3,0,0,1,0,2,2,0,1,1,0,4,2,2,3,0,0,1,0,2,0,0,0,0,1,0,0,0,1,1,0,0,1,0,0,1,3,0,1,0,1,0,0,1,1,2,0,0,0,0,0,1,0,0,3,0,0,0,0,0,1,2,1,0,1,0,0,0,0,1,0,1,1,1,1,0,0,0,0,4,0,0,0,0,2,2,3,6,0,1,0,0,4,1,2,9,1,0,0,1,0,0,1,2,3,1,2,0,4,2,0,0,0,1,2,2,1,1,0,0,0,4,0,0,5,0,0,6,4,2,0,1,1,1,0,0,0,1,0,0,3,0,1,1,0,0,0,0,1,0,1,0,1,1,1,0,0,3,1,4,0,2,1,1,0,0,1,3,1,1,0,0,1,0,1,1,2,0,0,2,0,3,0,3,7,0,0,0,0,0,1,2,0,0,0,0,2,2,0,1,0,3,0,0,1,2,1,1,3,3,0,0,0,0,0,0,0,0,1,1,0,1,0,2,0,0,0,0,2,0,1,0,1,1,0,0,0,0,0,0,1,0,1,0,0,0,1,0,1,1,2,2,0,0,0,0,0,1,0,3,2,0,2,0,0,0,1,0,0,0,0,0,2,3,2,0,0,0,1,1,1,0,2,1,3,1,1,0,0,0,1,1,1,0,0,2,0,0,0,1,1,0,1,0,1,0,1,3,2,0,0,0,2,1,0,1,0,0,3,1,1,3,0,3,6,3,1,1,4,4,0,3,2,1,0,0,1,0,1,0,0,0,1,0,0,2,2,2,0,10,0,2,1,0,0,1,2,0,1,1,1,0,0,1,0,0,1,0,0,1,1,1,1,3,2,0,1,2,4,0,3,1,0,0,0,1,0,3,5,1,1,1,0,0,1,1,1,0,1,0,1,0,0,1,0,1,2,0,0,1,0,0,1,1,0,2,0,2,1,1,0,1,0,1,0,2,1,1,1,2,0,0,3,5,0,0,4,2,0,0,1,2,3,0,1,0,1,3,0,1,0,1,0,4,0,2,0,0,0,0,2,2,0,0,0,1,5,0,0,0,0,0,4,1,0,2,0,0,1,0,1,1,0,1,1,0,0,0
2000-09-01,1,0,0,0,0,0,0,0,0,0,0,0,1,0,1,1,0,0,1,0,2,0,0,0,0,1,0,0,0,2,0,0,0,1,1,0,0,0,0,0,0,0,0,0,0,0,1,0,0,1,0,0,0,0,1,0,0,1,1,0,1,0,2,0,1,3,2,0,0,0,0,0,0,0,0,4,0,1,0,0,0,0,0,0,1,0,1,0,1,0,0,0,1,1,1,1,2,0,1,0,0,0,1,1,0,0,0,2,0,0,0,1,0,1,2,3,1,0,1,0,0,0,1,1,1,1,0,1,0,0,0,1,1,1,3,1,0,0,0,0,0,1,1,0,0,0,0,0,0,1,0,1,0,0,0,1,1,0,0,0,2,1,0,0,0,1,1,2,0,0,0,0,0,0,1,0,1,1,0,0,1,0,1,0,3,1,2,0,1,0,1,0,0,0,1,0,0,1,0,4,0,0,2,1,1,1,0,2,0,0,0,1,0,0,1,0,1,0,0,1,1,1,0,1,0,0,1,2,1,1,0,0,0,0,0,1,0,1,1,1,0,0,0,0,1,1,1,0,0,0,1,0,0,1,0,0,1,3,1,1,1,0,0,1,1,1,0,1,3,2,1,0,0,3,0,2,3,0,0,0,1,0,0,0,0,0,1,0,1,0,4,1,0,1,0,0,2,0,0,0,0,2,1,0,0,4,0,0,0,0,0,12,1,3,3,2,0,0,1,0,1,0,0,0,2,0,0,0,0,1,0,0,0,0,0,1,1,1,1,0,1,1,1,0,0,0,0,1,0,1,2,0,0,1,0,2,0,2,1,0,1,0,0,1,0,0,0,0,0,0,0,0,0,4,0,0,0,1,0,0,1,2,0,1,0,1,0,0,0,2,0,1,0,1,0,1,0,0,1,0,0,2,0,2,0,0,0,2,0,0,0,1,0,0,3,0,0,4,0,0,0,0,0,0,1,1,0,0,0,1,0,3,1,0,0,2,0,0,1,0,0,2,0,1,0,3,1,1,1,1,1,2,0,0,0,1,1,2,0,0,0,0,0,4,1,0,0,0,0,7,0,0,0,1,0,0,0,2,1,2,1,2,0,0,0,0,0,1,0,0,1,1,1,3,1,1,1,0,0,0,2,0,1,0,0,0,0,1,1,1,1,2,1,0,3,4,0,0,0,0,5,0,0,0,0,0,0,1,0,0,0,0,1,0,0,2,0,1,1,7,0,1,2,0,1,5,2,0,3,0,1,0,1,4,1,0,0,0,0,0,0,2,0,3,1,5,2,1,0,0,0,0,0,1,0,4,0,2,0,1,0,3,0,0,1,0,3,1,0,1,3,2,0,0,0,0,1,0,1,0,1,0,0,0,0,0,0,3,0,2,0,1,0,1,0,0,0,2,0,2,1,4,0,0,0,1,2,0,0,1,1,0,1,1,0,1,1,3,0,0,0,0,1,0,1,1,2,0,0,0,0,0,0,0,1,0,1,0,1,1,2,0,0,0,2,1,2,0,0,2,0,0,1,0,1,0,2,1,1,0,3,0,0,1,0,1,2,1,3,1,0,0,0,2,2,1,2,5,2,0,4,1,0,0,3,2,0,2,1,0,0,0,2,0,0,0,0,10,8,0,0,0,1,3,1,0,0,1,0,0,0,3,1,0,0,0,0,6,0,0,4,0,2,3,5,1,0,0,13,2,1,0,2,0,3,1,1,4,1,1,0,0,0,0,1,0,1,0,4,1,0,0,0,0,0,0,1,0,3,1,0,0,3,0,2,5,0,0,5,0,2,2,3,0,1,1,2,4,0,0,2,4,4,1,3,0,1,0,1,1,1,1,2,0,2,0,0,0,1,6,2,0,1,2,0,1,0,3,0,5,1,0,1,0,1,1,0,0,0,2,1,1,1,4,0,0,0,0,4,7,2,2,1,2,0,1,0
2000-10-01,0,2,1,1,1,0,0,0,0,0,0,0,0,0,0,0,1,1,0,1,0,0,0,0,0,0,0,0,2,1,1,0,1,0,0,2,0,0,1,0,0,0,0,0,1,1,2,0,0,0,1,2,0,1,0,1,0,0,1,0,0,0,0,0,1,2,0,0,0,0,0,0,0,0,0,0,2,0,0,0,1,0,0,5,1,0,0,0,3,0,1,0,0,1,0,0,0,1,0,0,0,0,0,1,2,2,0,0,1,1,2,0,0,1,0,0,0,0,1,0,2,0,3,1,0,0,0,0,0,1,0,1,0,0,0,1,6,0,3,0,0,0,0,0,1,0,0,1,0,0,0,0,0,0,0,0,2,0,0,1,0,0,0,0,0,0,0,1,4,1,0,2,1,0,2,0,0,0,0,1,0,0,0,0,0,2,1,0,0,1,0,0,0,4,1,0,0,0,0,0,2,0,0,3,1,0,0,2,0,1,1,1,0,0,0,0,1,0,0,1,2,0,0,0,0,4,0,0,2,0,5,1,0,0,1,1,0,0,0,0,1,1,3,0,0,3,0,0,2,0,1,0,1,0,0,0,3,1,3,1,2,0,0,0,1,0,2,1,4,1,1,0,0,0,0,2,0,0,0,0,0,5,1,1,1,0,0,3,0,0,3,1,0,0,0,0,1,2,0,0,0,0,2,1,0,0,1,0,1,0,0,1,1,1,0,0,0,1,2,0,0,0,0,0,0,1,0,0,2,0,0,0,1,0,0,0,1,0,0,1,0,1,0,0,2,1,0,0,0,0,1,0,0,0,0,0,0,0,0,0,0,1,1,5,0,1,0,0,0,1,0,0,0,1,2,0,2,0,2,0,2,1,0,3,2,1,1,0,0,0,0,0,2,2,0,0,0,0,2,2,0,1,0,1,1,0,0,0,0,1,0,0,0,0,0,0,0,2,2,0,1,0,0,3,1,0,1,2,2,4,0,0,0,1,1,2,0,0,0,1,0,1,2,0,0,0,1,0,1,2,1,0,0,0,0,0,1,1,0,0,0,1,1,4,1,0,0,1,1,0,0,0,0,0,0,1,0,0,0,2,2,0,1,0,0,0,1,0,2,0,4,0,0,2,1,2,0,2,1,1,0,1,1,0,0,0,2,2,0,0,0,0,0,0,12,0,0,3,0,1,2,0,1,0,1,2,0,2,1,0,0,1,2,0,0,2,1,0,0,0,0,0,0,1,3,5,3,1,2,0,2,0,0,0,0,2,0,0,0,0,0,0,0,0,5,2,0,0,0,2,0,0,0,1,0,0,0,2,0,1,0,1,1,1,2,0,0,0,2,1,1,4,1,0,0,2,2,2,0,0,1,1,0,2,1,0,0,1,0,2,0,1,2,1,0,1,0,0,0,0,2,0,2,0,0,2,0,0,0,0,0,3,1,1,0,2,0,0,1,1,0,0,0,1,1,1,2,0,5,1,0,1,0,0,1,0,0,1,4,0,2,0,2,0,0,0,0,0,1,1,1,1,0,0,0,2,2,0,4,1,0,0,0,1,1,0,0,0,0,1,0,0,0,0,1,0,0,1,2,2,0,1,1,1,1,0,1,0,3,1,1,1,1,2,0,1,4,10,4,2,2,3,0,1,1,1,0,2,1,0,1,0,0,0,0,0,0,0,5,2,0,3,2,0,1,1,1,0,0,2,0,4,1,0,0,4,1,0,6,2,0,3,0,0,1,0,0,0,1,1,2,1,1,1,0,0,0,1,2,2,0,2,2,1,0,0,2,0,5,1,0,1,2,0,0,1,8,0,2,2,4,4,5,0,1,0,0,3,1,0,0,0,1,0,4,0,1,0,3,0,3,0,0,1,0,2,3,1,3,6,0,8,1,2,3,2,0,0,0,0,1,1,3,0,0,1,1,2,6,1,0,0,2,3,0,2,1
2000-11-01,0,0,0,0,1,2,0,0,0,1,0,0,1,0,0,0,0,1,2,0,1,0,0,3,0,0,0,2,0,0,0,1,0,0,0,0,0,0,0,0,0,0,1,0,0,0,0,2,0,1,0,0,0,0,1,1,0,1,1,0,0,1,0,0,0,0,0,0,0,0,1,0,3,1,1,0,0,0,2,1,0,2,1,0,1,1,0,0,1,0,0,0,0,0,0,0,2,0,0,0,1,0,0,0,1,2,2,0,0,0,0,0,1,0,5,0,0,0,0,0,0,0,1,0,0,0,0,0,0,1,1,0,0,0,0,1,0,0,1,0,1,1,0,1,0,0,0,0,0,0,0,1,0,0,0,0,0,0,1,0,0,0,0,1,0,0,0,0,1,1,0,1,1,0,1,0,1,0,1,1,1,3,0,0,3,0,4,1,1,0,0,3,2,0,0,1,0,0,1,0,0,0,0,0,0,2,1,0,0,0,0,0,0,0,0,0,0,0,0,2,0,1,0,0,0,4,0,2,2,0,1,0,1,0,0,1,0,0,3,0,2,1,0,0,0,0,0,0,3,0,1,0,0,1,0,0,0,0,1,0,1,0,0,0,0,2,2,1,1,2,2,1,0,1,0,1,0,1,1,1,2,0,0,0,1,0,1,1,0,0,1,2,2,0,0,2,1,2,0,1,1,1,1,1,0,0,0,1,1,0,0,1,0,0,2,0,0,1,0,0,2,0,1,0,2,0,3,1,1,0,0,0,0,0,0,0,1,0,0,1,2,2,0,0,0,0,0,0,0,3,1,1,0,0,0,1,0,1,0,1,1,1,0,1,0,0,0,1,0,1,0,0,1,0,1,0,1,0,1,0,1,4,0,1,0,1,0,0,0,0,0,0,1,1,0,0,1,0,0,3,1,3,0,0,3,0,2,0,0,0,2,0,0,1,0,0,2,0,0,1,0,0,0,1,1,0,0,1,1,0,1,0,1,0,0,3,1,0,1,2,2,1,0,0,4,1,0,1,0,0,1,2,0,0,2,1,2,1,0,0,1,0,0,0,0,1,0,0,0,1,0,0,1,0,0,5,1,0,0,3,0,0,2,0,0,0,3,0,1,0,0,0,1,0,0,0,4,0,1,1,0,0,0,1,0,0,1,0,0,0,0,1,0,1,0,0,0,0,1,1,2,0,0,0,2,0,0,0,1,0,1,1,1,0,1,1,0,0,1,1,0,0,0,0,0,5,0,0,5,1,0,1,0,0,0,1,0,1,0,3,0,1,2,0,0,0,4,0,0,2,0,1,0,1,0,1,0,0,1,0,0,2,0,0,0,2,0,0,0,2,3,0,1,0,0,2,0,0,2,0,0,0,3,2,0,0,5,0,0,3,0,0,1,0,0,0,0,0,0,0,0,2,0,2,0,0,1,3,0,0,2,2,0,0,0,2,0,0,0,0,0,2,1,1,0,0,0,0,2,0,0,0,0,0,0,0,1,1,1,2,0,1,1,0,0,1,2,2,2,0,2,0,1,0,1,0,1,0,1,5,0,2,1,0,0,1,1,0,0,0,1,1,1,0,0,0,2,0,4,0,0,0,0,3,0,0,2,0,2,3,0,0,1,1,0,1,0,6,0,1,2,2,0,0,0,0,0,0,0,0,7,2,3,1,0,0,1,2,1,1,0,2,0,0,0,0,0,2,4,2,0,0,1,1,0,1,0,2,0,0,0,0,0,1,3,0,2,1,1,0,0,4,1,0,0,0,1,0,2,5,0,1,2,0,0,0,0,2,1,3,1,0,0,1,0,1,4,1,4,3,4,3,0,0,0,0,0,2,3,2,2,0,0,1,0,0,1,0,1,1,0,1,1,0,0,0,0,1,0,1,1,1,0,4,0,1,0,3,0,1,3,3,1,0,1,3,1,3,2,2,0,1,1,1,0,1,2
2000-12-01,0,1,1,0,0,0,2,0,0,1,1,1,0,0,0,0,0,0,2,1,0,0,1,0,0,0,0,0,0,0,2,0,0,0,0,0,0,0,0,0,0,1,1,0,2,1,0,0,0,1,1,0,0,2,0,0,1,1,0,0,1,0,0,0,0,0,0,0,1,0,0,1,0,0,1,0,1,0,0,0,0,0,0,0,0,1,0,0,0,1,1,0,0,0,0,0,1,1,0,1,2,1,1,0,1,0,0,0,1,0,1,1,1,0,0,1,0,0,0,0,0,0,0,1,1,0,2,0,1,1,0,0,0,0,2,0,1,0,0,0,0,0,0,0,0,0,0,3,0,1,0,2,1,0,0,0,1,0,0,0,0,0,0,0,0,1,0,0,1,1,0,0,0,0,2,2,1,1,1,1,4,4,1,0,1,0,2,0,0,0,1,0,1,0,0,0,0,0,0,0,0,0,0,0,0,2,0,1,0,0,1,0,0,1,0,1,0,1,0,1,0,0,0,2,0,1,0,0,4,1,4,2,0,0,2,1,5,0,2,2,0,0,1,1,0,0,1,0,0,4,1,0,1,0,0,0,0,0,0,0,0,2,1,0,0,2,0,0,0,1,2,0,0,0,0,0,0,0,0,0,0,1,0,1,0,0,1,0,2,3,0,0,3,1,0,2,0,1,0,0,0,0,0,1,1,0,0,0,1,1,0,1,2,2,0,0,0,0,0,0,2,0,0,0,1,0,1,1,1,1,1,3,0,0,0,5,2,2,0,0,2,2,0,0,0,0,3,0,1,1,0,2,0,0,2,0,0,0,0,0,0,1,0,1,0,0,0,1,1,0,0,1,0,0,1,1,0,0,0,0,0,0,0,0,1,1,1,0,0,0,0,0,0,0,1,0,0,1,1,0,0,0,0,3,0,1,0,2,0,0,2,0,1,0,1,0,3,0,0,0,0,1,1,1,0,0,0,2,1,0,2,0,0,1,0,0,0,1,0,1,1,0,0,1,1,0,0,0,1,0,0,1,1,1,0,2,1,1,0,0,0,1,3,0,0,0,0,1,0,1,0,0,0,1,0,3,1,0,0,3,1,1,0,2,0,1,3,0,0,0,0,0,1,1,2,2,0,0,3,0,1,0,0,1,0,0,0,0,0,1,0,2,1,0,0,0,0,0,1,0,0,0,1,0,2,0,2,5,0,0,0,0,0,1,0,1,0,1,1,0,1,0,0,0,0,0,0,0,1,0,1,0,0,0,0,0,0,0,0,3,1,2,1,0,2,1,2,0,0,0,1,0,0,2,1,0,1,0,0,2,2,3,1,1,1,3,1,0,2,1,1,3,1,0,0,3,0,1,1,1,0,1,1,2,0,0,3,0,0,0,0,0,0,2,1,1,0,2,0,0,1,1,2,0,0,0,0,0,0,0,0,2,3,3,2,0,0,0,0,0,0,1,0,3,0,0,2,2,0,0,0,1,0,1,0,1,0,1,4,2,0,2,0,1,2,1,1,2,12,3,2,3,0,0,2,1,2,0,0,0,0,0,0,0,1,2,1,1,0,0,2,1,1,1,0,1,0,0,0,0,3,1,0,2,0,1,2,1,3,1,1,0,1,0,0,0,3,0,2,0,2,0,0,0,1,3,0,0,0,1,0,0,1,0,1,1,0,0,2,0,2,0,0,0,0,0,1,8,0,0,2,0,1,1,0,0,0,0,1,0,0,1,2,2,0,0,0,0,1,0,0,1,0,0,1,0,0,0,0,1,0,1,2,1,0,0,1,0,4,2,0,2,0,0,1,0,2,0,0,3,2,0,1,0,0,1,0,1,1,0,1,1,0,0,2,0,0,0,1,2,0,2,5,0,4,1,0,4,0,1,0,1,1,0,4,0,0,0,3,0,2,0,2,0,0,0,3,2,2,3,1,0,0,0,0,0,0
2001-01-01,1,1,2,1,0,1,1,0,0,0,0,1,0,1,0,1,0,1,1,0,0,0,0,0,0,0,0,0,1,1,2,0,0,0,0,0,1,0,0,0,0,0,0,0,0,0,0,2,0,0,1,0,0,1,1,0,0,0,3,0,0,0,0,0,1,1,0,0,0,0,1,1,1,1,0,0,0,0,0,0,0,0,1,1,0,3,0,3,1,0,0,0,0,0,1,0,0,0,0,0,1,2,1,0,0,2,3,0,0,0,0,1,0,1,0,0,1,1,0,0,0,0,0,0,0,0,0,0,2,0,0,0,2,0,2,0,1,0,1,0,0,1,0,0,0,0,0,0,0,0,0,0,2,0,1,0,1,3,3,0,2,0,0,1,0,0,0,0,0,4,0,0,2,0,0,0,1,0,4,1,3,0,0,2,4,0,0,0,0,0,0,0,0,1,1,0,2,0,0,1,0,0,1,1,1,3,4,1,0,0,2,1,1,3,0,0,0,0,0,0,0,0,0,0,0,0,0,2,2,0,5,0,2,1,1,2,3,0,0,0,0,0,2,1,1,3,0,0,1,1,0,1,1,1,1,0,1,0,0,0,0,0,1,1,0,0,1,1,2,5,1,0,2,0,0,0,0,1,0,0,0,1,0,1,0,0,0,2,1,1,0,0,0,0,1,0,2,2,0,1,0,1,0,0,0,0,0,1,2,0,0,2,1,0,0,0,0,2,0,0,0,0,1,0,0,0,1,2,0,1,0,0,0,0,2,1,2,1,0,1,0,0,0,0,0,0,0,0,1,3,0,0,0,0,0,0,0,0,0,1,0,0,0,0,1,6,0,0,1,0,1,0,0,1,0,0,0,0,1,4,1,3,1,1,0,0,1,0,0,0,0,0,0,0,0,1,0,2,1,2,0,1,0,2,0,0,1,2,0,0,0,0,1,0,0,0,2,0,0,1,0,0,1,1,2,1,0,1,0,0,3,0,0,2,0,2,0,0,0,1,0,0,1,0,0,1,0,0,0,0,0,0,1,0,1,1,1,2,1,2,1,2,2,2,0,0,1,0,1,0,0,0,0,0,1,2,6,0,0,1,0,1,1,2,1,4,0,0,0,0,0,0,0,1,1,1,1,0,0,1,0,0,3,0,2,0,3,0,0,1,0,1,0,0,0,1,1,0,1,1,0,0,0,1,0,0,1,0,0,0,0,1,0,1,0,0,2,0,1,0,0,2,0,3,1,1,0,4,0,0,2,0,0,0,0,2,0,1,2,0,0,0,0,0,0,0,0,0,1,0,0,0,0,0,1,0,1,0,0,0,4,4,0,0,1,0,2,0,0,0,0,0,2,3,0,0,0,2,1,2,0,5,0,0,0,0,0,0,0,1,0,0,1,0,1,1,1,1,0,0,0,0,0,1,0,0,0,1,0,2,1,2,1,1,0,0,1,1,0,0,1,0,1,0,0,1,1,1,3,1,0,0,1,2,0,0,1,1,0,0,0,0,1,1,1,4,3,0,0,2,0,2,0,0,0,0,1,2,2,0,1,3,0,3,1,0,0,1,0,0,1,0,0,2,1,1,1,3,2,0,3,0,0,1,0,2,1,1,0,1,2,0,0,1,0,1,0,6,0,1,2,2,0,0,2,0,0,0,4,2,1,0,1,0,1,3,0,2,0,0,2,3,1,0,1,1,1,0,0,0,0,0,2,1,1,1,0,0,1,2,0,1,2,0,0,0,0,3,0,0,0,1,3,0,1,0,2,0,2,1,0,1,0,0,1,0,0,0,2,2,1,1,0,1,1,2,2,2,2,2,2,0,2,2,1,0,2,1,0,2,1,0,0,0,0,0,2,0,0,12,0,1,2,0,2,0,0,2,1,0,0,2,0,1,0,1,0,0,2,2,1,1,3,4,0,0,2,1,0,1,1,0,0,1,0,1,2
2001-02-01,0,0,0,0,0,1,0,0,0,1,2,0,0,0,1,0,0,0,1,1,0,1,0,1,0,1,0,0,1,1,2,0,1,1,2,0,0,2,0,0,0,0,0,0,1,1,1,0,1,0,1,0,0,0,1,1,2,0,0,0,0,1,2,0,1,0,0,0,0,0,1,0,0,0,0,0,0,1,0,1,0,0,0,0,0,0,0,1,1,1,0,1,0,0,0,0,1,0,0,0,3,0,3,1,1,2,1,0,0,0,0,0,1,0,0,0,0,0,3,1,1,0,0,1,0,0,2,0,2,0,0,1,0,1,0,2,0,1,0,0,0,0,0,0,0,1,0,1,0,1,0,0,0,0,0,1,0,2,0,0,1,0,0,1,0,1,0,0,0,0,0,0,1,0,0,0,0,3,0,0,0,1,3,1,1,0,0,2,0,0,1,0,1,0,0,0,1,0,0,0,1,0,1,0,0,2,0,1,1,1,0,0,0,0,0,0,1,0,0,0,0,0,3,1,0,0,0,0,2,1,1,0,0,0,1,1,0,0,0,0,0,1,2,0,0,1,0,0,0,1,2,0,2,0,0,1,0,1,3,0,0,0,1,0,0,0,0,0,3,0,0,2,0,0,1,0,0,0,0,1,0,0,0,0,1,0,0,0,7,1,2,0,1,2,1,0,3,3,0,0,0,0,0,0,0,0,0,3,0,2,2,2,0,0,0,0,0,0,3,0,0,0,1,0,2,0,0,0,2,0,2,0,0,0,0,2,2,0,3,0,0,1,0,0,0,0,0,0,0,0,0,0,0,1,0,4,1,1,0,1,1,1,1,0,0,1,0,0,2,0,0,0,0,2,1,2,0,0,0,0,0,0,0,1,0,0,0,0,0,0,1,0,1,0,0,0,0,2,0,4,0,0,0,1,1,2,0,0,0,0,0,0,0,0,0,0,5,0,0,2,4,0,2,0,0,0,0,2,1,0,0,0,1,2,0,0,0,0,0,0,0,0,0,1,0,0,0,0,0,0,0,1,0,1,1,2,1,1,0,0,0,0,0,0,0,0,0,1,0,1,0,0,0,0,2,1,9,1,0,0,0,0,0,0,0,1,0,0,0,0,0,2,0,2,0,0,0,1,0,1,0,0,0,0,0,0,0,0,0,0,0,1,0,1,1,2,0,0,0,0,0,2,0,1,0,0,3,0,0,0,0,0,2,1,0,1,0,1,4,1,0,0,0,0,1,0,0,0,2,0,0,1,0,0,1,0,1,0,0,4,2,3,2,0,3,1,0,0,0,0,3,0,3,0,0,0,0,3,1,1,0,0,0,0,0,0,0,1,0,0,1,0,1,2,0,3,2,0,1,0,0,0,1,0,0,0,4,0,0,2,1,0,0,0,1,0,0,1,0,0,2,2,0,0,0,2,0,0,0,1,1,0,0,3,0,2,2,1,0,0,0,7,2,0,0,1,0,0,1,1,0,0,2,0,0,0,2,4,0,1,0,0,0,1,1,0,2,0,0,0,0,0,0,0,1,0,1,2,1,0,0,0,1,0,0,1,0,0,0,0,1,0,0,0,2,2,0,0,0,0,0,0,0,1,0,1,0,0,0,3,2,0,0,0,0,2,2,0,0,0,2,1,0,3,1,1,0,0,1,1,0,0,1,0,1,0,0,0,0,0,0,1,3,0,0,0,2,0,0,0,2,0,1,0,5,0,3,2,1,1,2,1,0,0,1,0,1,3,1,0,0,0,1,0,0,0,0,0,1,0,2,1,1,1,0,0,0,1,0,1,1,0,0,0,2,1,1,1,0,0,0,0,4,0,1,0,0,1,0,0,0,0,0,0,2,1,2,0,1,0,5,2,0,0,0,0,5,1,0,1,0,4,0,0,0,7,0,1,1,3,0,2,1,8,1,0,0,1,0,0,0,0,4,1,6,1,3
2001-03-01,0,0,0,1,0,0,1,0,0,0,1,2,0,0,0,0,0,1,0,0,0,2,2,0,2,0,0,0,0,0,2,0,1,0,0,0,0,0,0,0,0,0,0,0,0,0,2,0,0,1,3,0,0,1,0,0,0,0,1,2,0,0,0,0,0,0,0,0,1,0,0,0,0,1,1,0,0,0,0,0,0,0,0,0,2,0,0,0,0,2,0,1,0,0,1,0,0,0,0,0,0,0,1,0,0,0,0,3,2,2,1,0,0,0,1,1,0,1,0,1,0,2,1,0,2,0,0,0,0,0,0,0,0,1,2,0,0,1,0,2,1,1,1,1,0,0,0,1,1,0,1,0,2,0,0,2,2,1,1,0,1,0,0,1,0,0,1,0,0,0,0,1,0,0,0,1,0,1,0,1,0,3,2,1,1,0,0,0,1,1,1,1,0,0,0,0,0,0,0,0,2,3,0,0,0,0,0,0,0,0,1,0,2,0,0,0,0,0,1,0,0,0,0,0,1,2,3,0,1,1,0,0,0,0,0,0,0,0,0,1,0,0,2,0,0,0,0,0,0,2,2,0,1,4,0,2,0,3,1,0,0,0,0,0,0,1,0,1,0,2,1,0,1,0,2,0,0,1,0,2,1,0,0,0,0,1,0,0,1,2,0,2,0,1,1,0,1,2,0,0,0,2,0,0,1,0,1,0,1,0,3,0,1,0,0,0,3,0,1,0,0,0,1,1,0,1,2,1,0,1,0,0,0,1,2,0,1,0,1,0,0,0,0,0,2,0,1,0,1,0,2,0,2,0,0,1,1,0,1,1,0,0,1,2,2,3,0,0,1,0,0,1,0,1,0,0,1,0,0,0,0,0,0,0,0,1,1,0,2,0,1,0,0,1,2,1,2,1,0,2,0,2,2,0,1,1,0,0,0,1,1,0,0,0,0,0,3,0,8,0,0,1,1,1,3,0,1,2,0,4,0,0,0,1,0,0,0,0,5,3,1,1,1,1,0,1,0,0,0,0,0,0,1,0,1,4,1,0,0,1,1,0,1,5,1,1,0,0,1,0,1,0,0,0,1,0,2,0,0,0,4,0,1,4,0,1,2,1,0,0,1,1,0,0,0,0,3,0,0,0,2,0,0,0,0,0,3,6,0,1,0,1,1,2,1,0,0,0,1,0,1,0,0,1,0,0,1,0,0,0,1,2,1,0,0,3,0,2,0,1,0,0,0,0,0,0,0,0,3,3,1,1,3,1,0,0,1,0,4,0,0,1,0,0,1,4,0,1,0,0,0,1,0,1,0,1,0,1,0,0,0,0,1,2,2,2,3,0,0,0,0,5,0,0,0,2,4,0,0,3,1,1,0,1,0,0,1,1,0,1,0,1,0,0,4,2,0,0,0,0,0,2,0,3,0,5,1,0,0,0,1,0,1,1,2,3,3,0,1,0,0,0,0,0,0,0,1,0,0,0,0,0,1,0,2,0,0,1,0,0,0,0,0,2,0,2,1,1,0,0,2,0,1,1,0,1,2,0,0,0,0,0,0,2,0,0,0,0,1,1,0,1,0,0,0,3,0,0,2,0,0,0,0,1,2,0,1,1,0,0,1,0,1,0,0,2,3,2,2,0,4,5,0,0,1,2,0,1,0,0,4,0,3,0,0,1,1,0,2,1,2,0,2,1,2,0,0,0,0,1,5,0,0,0,4,0,0,4,4,1,0,1,1,2,2,0,0,13,0,1,1,0,2,0,0,1,0,3,1,1,1,2,0,0,2,3,5,3,1,1,0,0,0,2,1,0,1,0,4,1,0,3,11,0,0,1,0,0,0,4,0,0,0,0,0,3,0,0,3,1,1,2,1,0,8,1,0,2,0,1,1,0,0,1,1,1,5,0,2,0,2,1,0,8,0,1,0,0,0,0,1,0,0,3,0,0,0
2001-04-01,1,0,1,1,2,1,0,0,0,0,1,0,0,1,0,1,0,0,1,0,0,0,0,0,0,1,0,0,0,0,1,1,0,0,0,1,1,0,2,0,0,0,0,0,0,0,2,0,0,0,0,1,1,0,0,0,0,0,1,0,0,0,0,0,0,0,0,0,0,0,0,0,0,0,1,0,0,0,0,0,0,0,0,0,0,0,0,1,2,1,0,3,0,0,0,0,1,2,3,0,0,1,0,0,0,0,0,1,1,1,1,1,1,0,1,0,0,1,0,0,2,0,1,0,0,0,0,1,0,2,0,0,0,0,1,0,2,0,1,0,0,1,0,2,0,0,0,0,1,0,0,1,3,1,0,0,2,2,0,0,1,0,0,1,0,0,0,0,0,1,0,1,0,0,1,0,2,0,1,2,0,1,0,0,0,0,2,0,1,0,0,0,0,0,0,0,0,0,1,1,2,1,0,1,1,1,3,0,3,0,0,2,0,0,2,2,0,0,0,3,3,0,0,0,0,1,2,1,0,0,1,0,0,1,0,0,0,0,0,2,1,0,0,0,0,0,1,1,4,1,1,3,2,1,0,0,0,1,0,0,1,0,1,1,0,1,0,3,0,0,1,1,1,0,2,1,0,2,1,0,1,0,0,0,0,1,0,0,1,1,2,0,0,1,1,4,1,0,2,1,0,0,0,1,1,1,1,0,0,1,3,0,0,1,4,0,1,0,0,0,2,1,0,0,1,0,0,0,0,0,2,0,0,0,0,2,0,0,0,2,0,0,2,0,0,0,0,0,0,2,1,1,0,0,0,1,1,0,0,1,0,0,0,0,0,0,1,1,1,0,1,1,1,0,0,0,0,0,0,0,0,0,2,0,0,0,0,2,1,1,0,0,0,2,0,0,0,2,0,0,0,0,1,1,0,0,2,0,2,0,0,0,1,0,0,0,0,0,3,2,0,0,1,0,1,0,1,3,0,0,0,1,1,1,2,2,1,0,2,1,1,0,0,1,0,1,0,1,2,1,0,2,1,1,2,0,0,6,0,0,0,0,0,0,0,3,2,0,1,2,0,0,0,0,0,0,3,2,0,2,3,1,0,0,1,1,0,0,0,0,0,0,0,0,1,0,3,0,3,0,0,0,1,1,0,0,2,0,2,1,1,1,2,1,1,0,0,0,2,1,0,4,0,0,0,1,0,1,1,0,1,0,7,0,0,0,0,0,1,0,0,0,0,1,0,3,0,0,1,1,1,0,0,0,2,0,1,0,0,1,1,0,1,0,0,0,2,0,0,4,2,0,0,0,1,2,1,1,0,1,0,2,0,1,2,0,1,0,0,0,0,2,1,1,0,3,4,0,0,1,0,0,1,0,0,0,1,0,0,0,0,0,0,3,0,0,1,0,0,1,1,0,3,3,0,0,0,1,0,1,0,1,1,2,1,0,1,0,2,0,0,0,1,0,2,1,2,0,1,3,0,0,1,5,0,0,1,0,1,1,0,0,2,0,0,1,1,0,0,1,0,0,0,1,0,1,0,1,1,0,3,0,0,1,0,0,0,1,0,3,0,0,0,0,0,0,0,1,2,2,0,1,0,0,3,1,3,4,0,0,2,1,0,2,0,0,2,0,2,0,0,1,0,1,0,0,0,1,0,0,0,0,3,0,2,1,0,6,0,2,1,0,1,0,1,1,0,0,0,0,3,1,0,0,2,0,2,0,2,3,3,1,1,2,1,3,1,12,0,0,0,1,1,2,1,1,0,2,0,0,0,3,0,1,0,5,1,0,1,2,0,0,3,0,0,1,1,0,2,2,6,2,1,0,2,0,0,0,1,0,1,0,1,0,2,0,3,0,3,1,0,0,0,8,0,1,0,2,0,0,4,0,2,2,0,0,0,0,1,4,2,3,2,5,0,0,0,0,10,2,2,0,0,2,0,0,0
2001-05-01,0,1,0,0,0,1,0,1,0,0,0,0,0,0,0,0,1,0,1,1,2,1,0,1,0,1,0,1,2,0,0,0,1,0,0,1,0,1,2,0,0,1,0,1,0,0,0,0,0,0,0,0,0,1,0,1,1,0,1,1,0,0,0,0,0,2,0,0,0,0,0,0,0,0,0,0,0,1,1,1,0,1,0,0,1,2,0,0,1,2,0,0,0,0,1,3,2,0,0,0,1,0,0,0,1,0,0,1,1,0,2,1,0,1,1,0,0,0,1,0,0,1,0,0,0,0,0,1,3,1,2,0,0,0,1,0,0,3,0,0,2,0,1,0,0,1,0,0,0,0,0,0,1,0,1,4,2,2,2,1,0,2,0,0,2,2,0,1,0,0,0,0,0,0,0,0,1,1,0,2,0,0,2,0,0,0,0,0,0,2,2,0,0,1,0,2,0,1,0,0,1,0,2,1,0,2,0,1,0,0,0,2,1,0,1,1,1,1,0,0,1,0,0,0,0,3,1,2,0,7,0,1,0,2,0,1,0,0,0,2,1,0,3,0,0,1,0,2,2,1,0,0,0,0,1,0,0,0,0,0,0,0,0,1,0,2,0,0,0,0,2,0,0,0,1,0,1,0,1,1,0,0,0,0,0,0,0,0,1,0,2,1,0,0,0,0,0,0,0,2,2,0,1,0,0,0,0,1,0,0,0,0,5,0,1,0,1,1,0,1,0,0,0,0,0,0,0,1,1,1,1,0,1,0,3,0,2,3,1,0,1,0,0,0,0,0,1,0,0,4,1,1,1,0,0,0,3,0,1,0,0,1,0,0,0,1,0,0,0,0,0,0,0,1,1,0,0,2,0,0,1,2,0,0,0,1,0,1,1,1,0,0,0,0,0,0,0,0,0,0,0,2,1,0,0,1,0,0,0,0,1,0,1,0,0,0,0,2,3,0,0,1,0,4,3,0,0,0,0,0,0,0,1,1,1,2,1,1,2,1,0,0,0,0,0,0,0,1,0,0,0,0,0,1,0,1,2,1,1,2,1,2,0,0,0,1,0,1,1,0,1,2,0,0,0,0,0,0,0,2,0,2,0,0,0,0,0,0,1,0,0,0,1,2,2,0,3,5,0,0,4,0,1,0,0,1,10,0,0,0,0,0,0,1,1,0,0,0,1,4,2,2,0,2,5,0,0,1,0,0,0,0,0,1,0,0,0,0,0,0,0,0,1,1,0,0,0,2,0,0,0,0,2,1,1,0,1,0,11,2,0,0,1,0,0,2,0,1,2,1,0,0,0,0,1,0,0,1,0,0,0,3,0,0,1,1,0,0,1,0,0,0,0,2,0,2,3,0,0,1,1,0,0,0,0,0,0,0,0,1,1,2,1,0,2,0,0,2,0,0,1,4,1,4,0,0,0,0,0,0,0,0,1,1,1,1,2,0,1,0,0,0,1,0,0,0,1,1,0,2,0,1,0,3,0,0,0,3,0,1,0,1,0,1,0,1,0,0,2,1,0,0,0,0,0,0,0,0,3,0,0,0,2,0,2,1,0,0,0,1,0,0,0,1,0,0,0,0,6,2,0,1,0,0,1,1,2,0,0,1,1,0,2,1,0,0,0,0,6,1,2,1,0,0,3,0,0,3,3,0,2,0,1,3,0,0,1,2,4,1,0,1,0,1,2,0,2,0,1,0,0,0,0,0,1,0,0,2,0,0,0,0,6,0,2,0,1,2,0,0,0,0,0,2,0,0,2,0,0,0,0,3,1,3,1,0,0,1,0,2,0,0,1,0,0,3,1,2,2,0,0,0,0,0,0,1,0,0,3,2,0,2,1,0,0,7,0,0,0,0,1,0,6,3,2,3,0,3,0,3,2,0,0,4,1,1,5,2,0,1,0,0,3,0,4,1,0,0,2,0,2,0,0,0,4,4,1
2001-06-01,0,0,0,0,0,1,0,2,0,0,2,0,0,0,1,0,1,1,0,2,0,0,0,0,1,1,1,0,0,0,0,1,1,0,1,1,0,0,0,0,1,1,0,1,1,1,2,0,1,1,0,0,0,1,1,0,0,0,0,0,0,0,3,0,0,0,0,0,1,0,0,0,0,0,1,0,0,0,0,0,0,0,0,2,1,1,0,1,0,2,0,0,0,0,2,2,0,0,0,1,0,0,0,0,0,0,0,2,0,0,0,0,0,0,0,0,0,0,0,0,0,1,0,0,0,0,1,0,3,0,0,0,2,0,0,1,0,0,1,0,4,1,1,0,0,0,0,0,0,2,1,0,0,0,0,0,1,0,0,0,2,1,1,0,0,0,0,0,0,1,0,2,0,3,0,0,1,0,0,0,0,1,2,0,1,0,1,1,3,1,0,0,0,0,0,0,0,1,0,1,1,0,0,1,0,4,2,0,0,0,2,1,3,1,0,0,0,2,1,0,2,1,0,0,0,1,2,3,1,3,1,0,0,2,0,0,0,2,0,0,0,2,0,1,2,0,0,1,2,0,1,0,1,1,0,1,1,0,0,0,0,0,0,0,1,0,0,6,3,2,0,0,1,0,0,0,3,0,2,1,0,0,1,2,2,2,0,0,0,2,2,0,1,3,0,0,0,1,0,0,0,1,0,1,1,1,0,0,1,1,0,1,4,0,0,1,1,0,1,0,0,0,0,0,0,0,1,1,0,0,0,0,2,1,1,0,1,0,2,2,0,0,0,3,1,2,0,0,0,0,0,2,0,1,0,1,0,0,1,1,0,0,0,1,0,0,0,0,0,2,0,0,3,0,1,2,0,2,0,0,3,1,1,0,1,2,0,1,4,0,0,2,0,2,0,1,1,1,0,0,2,2,2,0,0,1,0,0,0,4,1,0,0,2,1,0,0,0,0,1,0,2,0,0,0,0,1,2,3,0,0,0,2,1,0,0,1,0,0,1,0,1,0,0,1,0,0,0,0,1,0,0,0,0,0,1,5,3,1,0,1,2,3,0,2,2,0,1,1,0,0,0,0,0,0,1,1,3,3,2,1,0,2,0,0,1,1,1,0,0,0,4,0,1,6,1,2,0,2,1,0,0,2,0,4,0,0,0,4,0,1,0,1,0,1,0,0,0,3,1,1,3,1,0,2,0,0,4,1,1,2,0,3,0,0,2,0,0,0,0,0,0,0,2,0,0,0,0,1,0,2,2,0,1,0,2,0,0,1,5,0,1,0,1,0,2,4,1,1,0,0,0,0,2,0,0,1,4,1,1,1,3,0,1,1,0,0,0,0,0,0,1,1,1,4,11,0,0,2,0,0,2,0,1,3,0,2,1,1,0,1,2,0,0,0,1,2,0,1,0,0,1,3,0,0,2,0,0,0,0,0,1,0,0,1,1,0,1,2,2,0,0,0,0,1,1,1,1,2,2,0,0,3,2,0,0,1,2,0,1,0,0,0,0,0,2,0,0,0,4,2,0,2,0,0,0,2,2,2,0,4,0,0,0,1,0,0,0,0,1,0,1,2,0,0,0,0,8,0,3,0,0,0,1,0,1,1,1,0,0,3,0,0,2,1,0,2,2,0,2,0,0,0,0,3,1,0,0,1,0,1,0,1,1,0,1,1,2,0,2,0,0,0,1,0,0,0,4,1,3,1,2,0,0,1,1,1,0,0,0,2,2,0,1,1,1,3,1,0,1,0,0,1,0,1,0,0,1,1,1,7,0,2,4,1,1,1,0,0,1,4,0,0,2,2,0,0,2,0,2,2,0,0,0,1,0,2,2,4,7,0,0,0,0,2,0,2,1,0,0,2,0,5,2,0,2,0,0,0,2,0,2,3,0,1,1,0,2,0,0,2,0,1,4,0,4,0,2,0,2,6,0,1,0,0,0,1
2001-07-01,0,0,0,0,1,1,0,2,0,0,1,0,0,0,0,0,0,0,2,1,1,0,0,0,0,2,0,1,0,0,1,0,0,0,0,0,0,1,0,0,0,0,0,1,0,0,0,0,0,1,0,0,0,1,2,0,0,0,1,0,0,0,1,0,1,0,1,0,0,0,0,0,1,0,0,0,0,0,0,0,0,0,0,0,0,0,1,3,0,0,0,1,0,0,2,0,2,0,0,0,0,0,0,1,0,2,1,1,2,1,2,0,0,1,0,1,0,1,0,2,0,0,0,0,1,0,0,0,0,0,0,10,1,0,0,0,2,1,0,2,1,0,0,0,0,0,0,0,0,0,0,0,0,0,1,1,0,0,1,1,0,1,0,1,0,0,2,0,0,1,0,2,0,0,0,1,0,1,0,2,4,2,2,0,1,0,0,0,1,0,0,0,0,0,0,0,0,0,0,0,0,0,0,0,1,0,4,0,0,0,0,0,0,0,0,2,0,1,0,0,2,0,0,1,0,0,0,3,0,2,0,0,0,2,0,3,0,1,3,0,0,0,1,0,2,0,1,2,1,1,3,1,0,2,1,0,0,0,1,0,0,0,0,2,0,0,2,1,0,0,0,0,2,0,0,0,0,1,0,0,1,0,2,1,0,0,0,0,0,0,1,0,0,0,0,0,2,2,0,1,1,0,0,0,2,1,0,0,0,0,1,0,1,0,0,0,0,0,1,0,0,0,0,0,2,1,1,0,0,0,0,0,0,0,0,4,1,0,0,0,1,0,0,1,0,0,1,0,0,0,2,2,1,0,0,0,1,0,1,0,0,1,0,0,0,1,1,1,1,0,0,2,0,0,0,0,0,0,0,1,0,3,0,2,0,1,0,0,0,3,0,0,0,2,0,0,0,0,0,4,0,8,1,0,2,1,0,1,1,2,0,0,1,1,0,0,3,2,1,1,1,1,0,3,0,0,0,0,0,0,1,0,1,0,0,2,0,3,1,0,0,0,1,0,0,1,0,0,1,0,0,0,0,1,2,2,0,1,2,0,0,2,2,0,0,0,0,0,0,0,0,0,0,0,0,0,0,1,1,2,0,0,1,0,0,0,0,0,0,0,0,0,0,2,3,0,2,0,0,0,0,0,2,1,2,0,1,5,2,0,0,1,1,3,0,0,0,1,1,1,0,1,0,0,0,0,1,0,0,0,1,0,0,0,0,4,0,0,1,0,0,1,0,0,1,2,0,0,0,1,1,0,1,0,2,0,0,0,0,0,0,1,2,0,0,1,0,0,0,2,0,4,0,0,2,2,0,0,0,0,0,3,0,1,5,0,0,0,0,1,1,0,0,0,6,4,3,0,0,0,8,1,1,1,0,0,0,0,0,0,0,4,1,0,1,0,1,0,2,0,0,1,1,3,0,6,1,0,2,0,1,4,0,2,1,1,1,0,1,0,0,0,0,0,0,1,0,0,1,0,0,1,0,1,1,0,2,0,1,0,1,1,0,0,0,1,0,0,0,0,0,0,0,0,0,1,2,1,0,1,1,0,0,0,0,0,0,0,0,0,1,0,0,0,1,0,0,4,0,4,0,2,0,0,0,0,0,2,2,0,0,0,4,1,0,1,3,2,2,1,4,2,1,1,2,0,0,3,0,0,0,1,0,0,1,1,0,0,0,1,0,0,0,1,0,0,1,2,0,0,3,2,0,2,3,0,1,1,0,0,0,0,3,1,0,1,2,0,1,2,1,3,0,2,1,0,1,1,1,0,0,2,1,0,1,0,0,0,1,0,1,0,1,0,1,0,2,0,4,0,4,0,2,0,0,0,0,5,0,0,0,1,4,0,6,0,1,0,1,6,0,0,8,6,2,1,0,0,0,1,0,3,0,1,0,0,0,0,0,5,0,3,0,4,0,0,1,5,6,2,0,0,0,0,0,0,0
2001-08-01,0,0,1,0,0,0,0,0,1,0,1,0,0,0,0,0,0,0,0,0,1,0,0,0,0,1,0,1,1,0,0,0,1,0,0,0,0,0,0,1,1,0,0,0,1,0,0,0,0,1,1,0,0,0,0,0,0,1,2,0,0,0,0,0,0,1,0,1,0,1,0,0,0,1,0,1,0,0,0,0,2,0,1,0,1,0,0,0,0,0,1,0,1,1,0,0,2,0,0,0,0,0,2,0,0,1,0,2,3,2,0,0,1,1,0,0,1,0,0,0,0,0,0,0,0,0,0,0,0,0,0,0,1,0,1,1,1,1,0,0,2,0,0,1,0,0,1,1,1,0,0,1,0,0,0,0,1,0,1,0,0,1,0,1,0,1,0,0,1,0,0,1,0,0,0,0,0,0,1,0,0,0,1,1,0,0,0,0,0,0,2,1,0,0,0,0,1,0,0,2,1,0,0,1,0,2,0,1,0,0,0,0,0,1,2,0,0,0,2,0,0,0,0,2,0,0,1,0,1,0,2,0,0,3,0,1,0,1,0,0,0,0,0,1,0,0,2,1,0,0,2,0,0,0,0,0,2,0,0,0,1,0,0,0,1,0,1,3,1,0,1,1,0,0,0,0,0,0,0,0,1,0,0,0,0,0,0,0,0,1,1,0,0,0,0,0,0,1,1,0,0,0,1,0,0,0,0,1,0,0,2,1,2,0,0,0,0,1,0,0,0,0,1,0,1,0,0,0,1,0,1,0,0,1,0,0,0,2,0,1,1,1,0,0,0,0,0,1,1,1,2,2,1,0,0,0,4,0,0,0,0,0,0,0,1,2,0,0,0,0,0,0,1,0,1,2,1,0,3,1,1,3,0,1,0,1,2,2,0,0,0,0,0,1,1,0,0,0,0,1,3,1,0,0,2,2,2,1,0,0,1,1,0,0,1,0,0,0,1,0,0,0,4,5,0,0,0,1,2,0,0,0,2,2,3,1,0,0,1,2,0,0,0,0,0,1,0,0,0,0,0,0,0,0,2,1,0,6,3,0,0,2,3,1,0,0,0,0,0,0,0,0,2,0,0,0,1,0,2,0,3,4,0,2,0,0,0,0,1,0,1,0,1,0,2,0,0,0,2,0,0,0,0,1,0,0,1,0,1,1,0,0,1,1,1,0,4,1,0,0,2,2,0,2,3,0,1,1,2,0,1,0,1,0,0,1,0,0,0,0,0,1,0,1,0,1,0,2,4,2,3,0,1,0,0,1,2,0,3,4,0,2,1,0,0,2,2,0,0,0,1,1,0,0,0,0,1,1,0,1,1,6,0,0,4,0,1,0,0,1,2,0,0,2,0,1,0,0,1,3,0,1,1,0,0,0,1,0,0,0,0,1,0,1,0,0,0,0,0,0,2,0,2,0,0,0,0,2,0,1,1,1,1,0,1,5,2,2,2,0,0,3,2,1,0,0,0,0,0,0,0,0,0,0,0,0,0,1,1,0,0,3,0,0,0,0,2,0,0,3,2,0,2,1,0,0,3,0,0,0,0,0,1,0,0,0,0,0,0,1,0,0,2,0,0,1,1,2,0,0,1,0,4,1,0,1,0,0,1,0,0,0,1,0,0,0,0,2,0,0,0,0,1,2,3,2,0,1,1,0,0,0,0,0,0,0,0,0,3,0,1,3,0,2,0,0,0,6,3,0,1,0,0,0,0,0,1,2,1,1,2,0,2,2,0,1,2,0,2,0,0,1,0,0,1,1,0,0,1,2,1,0,4,1,2,3,1,1,2,0,0,1,0,0,0,0,0,0,2,0,0,2,0,0,0,1,1,1,1,0,0,1,0,1,2,5,1,0,0,10,1,0,1,0,0,2,3,0,0,0,1,1,0,2,3,0,0,2,1,0,1,1,3,0,1,2,0,2,6,0,1,0,1,0,0,4,1
2001-09-01,0,1,1,0,1,1,0,0,0,0,0,0,0,0,0,1,0,0,1,0,1,0,0,0,2,0,0,0,0,0,1,1,0,0,0,0,0,0,0,1,0,0,0,2,0,0,1,0,1,0,0,0,0,0,0,0,1,0,0,0,2,0,0,0,0,0,0,0,1,0,1,0,0,0,0,2,0,0,0,0,2,0,0,0,1,1,1,0,0,0,0,1,1,0,1,0,1,0,0,0,0,0,1,0,0,0,1,2,0,0,1,1,0,0,0,0,0,0,0,0,2,0,1,0,0,0,0,0,0,0,2,0,1,0,0,1,1,0,0,0,4,0,0,0,0,3,0,1,0,0,0,0,0,1,0,0,0,0,0,0,0,0,0,0,0,1,1,0,1,0,0,0,0,0,0,1,0,0,3,2,1,1,0,0,0,0,0,2,0,0,0,0,0,0,0,0,0,0,0,0,1,0,0,0,0,0,1,2,1,0,0,1,0,1,0,0,0,0,1,1,2,1,0,1,0,2,0,2,1,2,0,1,0,1,0,1,0,0,0,1,0,0,1,2,0,3,1,4,1,0,0,0,1,0,1,2,0,1,0,1,0,0,0,1,0,0,2,0,1,1,1,0,0,0,0,1,0,0,0,0,1,0,0,0,0,0,0,1,0,1,1,9,0,0,0,1,0,0,1,0,1,0,1,1,0,0,0,1,0,0,0,1,2,0,1,0,1,0,1,0,0,0,0,0,1,0,0,0,1,0,2,0,0,1,0,3,0,1,0,1,1,1,0,2,0,1,1,1,0,0,2,2,1,0,0,0,0,1,0,1,0,0,0,0,1,0,0,0,2,0,0,0,0,0,0,0,0,2,0,0,0,3,0,0,0,0,0,2,0,0,3,0,0,2,0,0,0,0,0,0,0,5,0,0,1,0,0,1,1,0,0,0,0,0,1,0,0,0,0,0,3,2,0,0,1,1,0,0,3,0,0,0,0,0,1,0,2,0,1,0,0,0,0,1,0,0,2,0,1,0,0,0,0,0,1,0,6,0,2,0,0,0,0,0,4,2,0,0,0,0,0,0,3,0,1,0,0,2,1,0,0,0,0,2,1,0,0,0,0,0,0,0,0,1,0,2,7,0,0,0,2,0,0,0,0,0,0,0,0,0,0,4,1,0,1,0,1,0,0,0,2,2,0,0,0,0,1,0,0,0,1,1,0,1,0,0,0,0,1,0,0,0,0,0,0,2,0,0,1,0,1,0,0,4,1,0,1,0,1,1,1,0,1,0,0,0,4,1,0,0,0,0,0,1,0,0,0,0,0,0,2,4,0,0,0,0,0,0,0,0,5,0,1,0,2,0,0,0,0,0,2,0,1,0,1,1,0,0,0,0,0,0,0,1,0,0,0,0,0,0,1,1,0,0,0,0,1,0,1,0,0,8,0,0,0,0,1,1,2,0,0,11,0,0,0,0,0,0,1,0,0,1,0,1,0,0,0,2,0,0,1,0,1,0,0,0,1,1,0,0,0,0,1,1,0,1,0,0,0,0,0,0,0,0,0,0,0,1,0,0,1,2,0,0,0,0,2,5,2,0,1,0,0,0,1,0,0,1,4,0,1,0,2,0,0,0,0,0,0,0,2,3,0,1,1,0,0,1,0,0,0,3,1,1,0,1,0,0,1,0,2,1,0,0,0,3,0,6,1,1,0,0,0,0,0,0,4,1,1,0,0,0,0,2,0,0,0,1,1,0,1,0,0,0,1,1,2,1,0,1,3,0,0,2,0,0,1,0,0,1,0,0,0,0,1,1,0,0,0,3,0,0,1,0,0,2,1,0,1,0,1,1,0,0,0,2,0,0,1,0,4,0,0,0,0,0,0,0,0,1,0,0,3,0,0,0,0,0,0,0,0,0,0,4,0,1,0,0,0,2,2,0,0,0,0,0,0
2001-10-01,0,0,1,0,1,0,0,0,0,0,1,0,0,0,0,0,0,3,1,1,0,0,1,0,0,0,0,1,0,0,2,1,0,0,2,0,1,0,0,0,0,0,0,1,0,0,0,0,0,0,0,0,0,0,0,1,0,1,0,2,0,0,0,1,0,1,0,0,0,0,0,1,1,0,0,0,0,1,0,1,3,1,0,0,1,0,2,0,0,0,0,0,0,0,0,0,2,0,0,0,0,0,3,0,1,1,1,1,4,0,1,0,0,2,0,0,1,1,0,0,0,0,0,0,0,0,0,0,0,0,0,0,3,0,0,0,1,0,1,0,0,0,0,2,0,0,0,1,0,0,0,0,1,0,1,1,0,1,1,0,0,0,0,1,0,0,0,0,0,0,0,1,1,0,0,0,0,1,1,1,2,2,1,1,0,5,0,0,0,1,0,0,0,0,0,0,0,0,0,2,2,0,1,1,0,1,1,0,0,0,0,0,2,0,1,0,0,0,1,0,1,0,0,0,1,2,0,1,0,1,1,2,0,2,1,0,0,0,0,0,0,1,5,0,0,0,0,1,2,1,1,1,0,0,0,0,0,3,0,1,3,0,0,0,1,1,1,6,0,2,1,0,2,0,2,0,2,1,0,2,1,0,0,0,0,0,0,0,0,2,0,1,1,2,1,4,1,4,2,1,0,1,1,0,1,0,0,0,1,0,3,1,0,0,0,1,1,0,2,1,0,1,2,1,0,1,1,3,3,2,0,0,1,0,3,3,0,0,0,0,0,0,0,0,0,0,0,0,1,0,3,2,0,0,0,0,0,0,0,0,1,0,0,0,0,2,0,2,1,1,0,0,0,0,0,0,0,0,0,0,0,4,2,0,2,2,0,0,0,0,0,0,0,0,1,0,0,0,4,4,2,0,1,0,0,0,0,0,1,0,0,0,0,0,0,0,1,2,3,0,1,0,1,1,0,0,0,1,0,0,1,0,2,0,0,3,1,0,2,3,0,0,1,0,0,2,0,2,0,0,0,0,0,0,1,1,3,0,0,0,1,0,1,0,0,0,1,0,0,0,2,0,1,0,0,0,1,2,1,0,0,0,2,4,0,0,0,0,0,0,0,0,0,2,5,0,3,0,2,0,0,0,0,0,0,2,2,0,1,0,0,3,0,1,0,3,0,0,0,1,1,0,0,0,0,0,2,1,0,0,0,2,0,0,0,0,3,2,1,1,0,0,0,0,0,1,0,2,5,0,0,0,0,0,0,3,0,0,1,4,0,2,0,0,1,1,0,0,0,1,0,0,0,1,0,1,2,0,0,2,0,3,0,7,0,0,0,0,0,0,0,0,0,0,0,3,5,0,1,3,2,1,0,0,0,0,0,0,0,0,0,0,0,1,0,0,2,0,0,1,0,0,0,0,0,0,0,0,3,0,0,7,2,2,0,0,0,1,0,0,0,14,0,1,1,0,0,0,0,0,0,0,1,0,0,0,1,0,0,1,0,0,0,0,1,0,2,1,0,2,2,0,1,0,1,0,2,1,2,0,0,0,1,0,0,0,2,2,0,0,0,0,1,2,0,0,1,2,4,0,0,1,0,0,1,1,0,0,0,1,0,0,0,1,3,0,0,0,4,0,0,4,0,0,0,0,0,0,0,0,0,1,0,1,0,0,0,0,4,0,0,0,0,1,1,2,2,4,0,0,0,0,0,0,2,2,0,1,0,0,0,0,2,1,0,2,0,1,2,2,0,0,0,0,4,0,0,0,1,0,3,0,1,0,1,1,1,0,0,2,0,1,1,0,2,0,0,3,0,0,0,0,0,0,4,1,0,3,0,1,1,0,0,0,2,1,0,0,0,0,1,1,0,3,0,0,0,0,0,1,0,2,3,0,0,1,0,0,2,2,0,1,1,0,0,0,0,0,8,0,5,0,2,0,1,1,0
2001-11-01,0,0,0,0,1,1,0,0,0,0,1,0,0,0,0,0,0,2,0,1,0,0,0,0,1,0,0,1,0,0,0,0,0,0,0,0,1,0,1,0,0,1,0,1,0,0,1,0,0,0,1,0,0,0,1,2,0,2,0,0,0,0,0,0,0,0,0,0,0,3,0,0,0,0,0,0,0,0,1,0,0,1,0,0,0,0,0,1,0,0,1,0,0,0,0,0,2,0,3,0,2,0,0,0,1,3,1,0,4,0,0,0,1,0,0,0,0,0,0,0,0,2,3,0,0,0,0,0,0,0,0,0,0,1,1,0,0,0,0,1,0,0,2,0,0,0,0,0,0,0,1,0,0,0,0,1,1,1,1,1,0,0,0,1,1,0,0,0,0,0,1,0,0,2,0,0,0,0,0,2,0,1,2,1,0,0,0,0,0,0,0,2,0,4,0,0,1,0,0,0,0,0,0,1,0,0,0,1,1,0,2,0,0,0,0,0,0,1,0,0,0,0,0,0,1,0,1,2,1,0,1,0,0,0,0,2,1,1,0,0,0,0,0,0,0,0,1,1,5,1,2,0,1,0,0,1,0,1,1,0,1,1,0,0,0,0,2,0,3,2,1,0,0,0,0,0,0,3,3,0,0,0,0,0,0,0,0,0,3,0,1,2,1,0,1,0,1,3,3,0,0,1,0,0,1,0,0,1,1,1,2,0,0,0,0,0,2,0,0,0,0,1,0,0,0,2,0,1,1,0,0,0,0,1,0,1,0,0,0,0,0,2,1,0,0,0,0,1,0,0,0,3,0,0,0,0,0,0,0,0,0,0,0,1,0,3,0,1,0,2,0,0,0,0,0,0,0,0,0,0,1,2,0,0,4,0,0,2,3,1,0,1,0,0,0,0,0,1,3,1,0,0,2,0,1,1,0,0,0,0,2,0,0,0,0,0,1,0,1,1,2,0,0,2,0,0,0,2,0,6,0,0,0,3,0,0,1,0,1,1,1,0,0,0,0,1,0,0,0,0,1,2,0,0,0,0,1,2,1,0,1,1,1,1,0,0,0,0,0,0,1,0,0,0,0,1,0,6,1,0,1,0,0,0,0,0,0,0,0,1,0,0,0,1,7,0,0,1,1,0,0,0,1,0,0,0,4,0,0,0,0,2,0,1,0,0,1,0,1,0,2,0,0,0,0,2,3,0,1,0,1,1,1,0,0,0,0,0,0,0,0,1,0,0,0,0,0,0,1,0,0,1,0,2,0,0,0,0,1,1,0,1,0,0,1,1,0,0,0,0,0,0,1,1,0,1,0,4,0,1,3,0,0,2,0,1,0,0,1,0,0,1,1,0,0,0,0,1,0,0,4,0,1,0,2,0,1,0,0,2,1,0,0,2,0,1,0,0,1,0,0,0,2,0,0,0,0,0,0,0,0,1,1,3,0,1,0,1,0,1,0,1,1,0,0,0,0,1,1,0,1,0,1,1,0,0,1,1,0,0,0,0,0,0,0,0,1,0,0,1,1,0,1,0,0,0,1,0,0,1,0,0,0,1,0,0,0,0,2,1,0,0,1,1,0,1,0,3,0,0,1,0,0,1,3,0,0,3,3,0,1,0,1,0,0,2,3,2,4,1,2,0,0,1,0,0,0,2,1,0,0,2,0,0,0,0,0,0,1,0,1,1,1,0,0,0,0,4,0,2,1,2,0,0,0,0,0,0,0,0,0,1,3,3,0,0,0,0,1,0,0,0,1,0,4,1,0,0,2,0,1,0,1,3,2,0,0,0,0,0,0,0,1,0,0,1,0,1,0,1,0,0,0,0,0,1,0,0,0,2,0,1,0,0,0,0,2,0,0,3,1,1,2,0,0,1,3,1,0,0,1,0,3,2,2,0,0,2,3,0,1,0,0,0,5,0,1,0,8,1,0,0,0,0,1,2,2
2001-12-01,0,0,0,0,0,0,0,0,0,0,0,0,0,0,0,0,0,1,0,2,0,0,0,0,0,1,0,0,1,0,1,0,0,0,0,0,0,0,1,0,0,0,0,1,0,0,1,0,1,0,0,0,0,1,0,0,0,0,0,0,0,1,1,0,0,0,1,0,0,0,0,2,0,0,0,0,0,0,0,1,0,0,0,0,0,0,0,0,0,0,0,0,0,0,0,0,0,0,0,0,0,0,0,3,1,1,0,0,0,0,1,0,0,0,0,0,0,2,1,1,0,0,1,0,0,0,0,0,0,1,0,0,2,1,0,2,0,0,0,1,2,0,0,0,1,0,0,0,0,0,0,0,0,0,0,0,1,0,2,0,0,0,1,0,0,0,0,0,0,0,2,0,1,1,0,0,2,0,0,0,2,1,0,0,1,0,0,0,0,0,0,0,0,0,0,0,0,0,0,0,0,1,0,4,0,1,2,6,0,0,0,0,0,0,0,0,1,0,0,0,1,0,0,0,0,2,0,2,2,2,1,0,0,0,0,1,0,0,1,1,0,0,1,2,1,0,0,4,0,0,2,0,0,0,0,0,0,2,0,0,0,0,0,0,0,1,0,1,0,2,0,0,1,0,0,0,0,0,0,0,1,0,0,1,0,0,0,1,1,2,1,0,1,1,0,0,0,1,2,0,1,0,0,1,0,0,0,0,0,0,1,1,1,0,0,0,2,0,2,0,0,0,0,0,0,0,0,0,0,2,0,0,0,1,0,0,0,1,1,0,0,0,0,0,0,0,0,0,0,0,1,0,1,0,0,0,0,0,0,1,0,0,0,0,0,5,0,1,1,0,0,0,0,0,0,0,0,1,0,0,0,0,4,0,0,0,0,0,1,0,0,0,0,1,0,0,0,1,3,4,2,0,0,1,4,0,0,2,0,0,1,0,1,0,2,0,0,0,2,1,0,0,1,1,1,0,0,1,0,2,1,1,0,0,1,1,0,0,0,0,0,2,0,0,3,0,2,0,0,0,0,0,0,1,3,0,2,0,1,0,0,0,2,0,0,0,2,0,0,0,1,1,0,0,0,1,0,3,0,0,0,0,0,2,0,1,0,0,0,0,0,0,1,2,0,1,3,0,1,1,0,0,0,0,2,0,2,0,0,0,0,2,1,1,2,0,0,0,0,0,0,1,1,1,0,0,0,0,0,0,0,0,1,0,0,1,0,1,1,1,0,0,0,1,0,1,1,0,1,0,1,0,1,1,0,1,0,0,0,4,0,0,0,1,1,1,0,0,0,0,1,1,0,0,0,1,0,2,0,0,0,3,1,0,2,0,1,0,1,0,0,0,0,3,0,0,0,0,1,0,0,1,0,0,0,0,2,0,0,0,0,0,1,2,1,2,0,3,0,1,0,0,8,0,0,0,0,0,0,0,0,4,0,3,0,2,0,0,0,1,0,2,0,0,0,0,0,1,0,0,0,2,0,2,1,0,1,1,1,0,2,0,1,1,1,1,3,0,0,0,0,2,0,0,0,0,0,0,0,1,0,0,1,0,0,0,0,0,1,0,0,1,0,0,1,6,0,3,0,0,0,0,0,0,0,0,0,1,0,0,0,0,2,1,2,0,0,0,2,0,2,2,0,0,2,0,0,1,0,4,0,1,2,1,0,0,0,2,0,1,2,0,0,1,0,0,1,2,0,0,2,0,2,0,1,0,2,1,0,0,0,0,0,1,0,1,2,0,0,4,0,1,3,0,0,0,1,0,0,0,0,0,0,1,1,0,0,0,0,2,0,0,2,0,0,0,0,0,2,1,2,2,0,0,1,1,0,1,1,0,0,0,0,0,0,0,0,1,0,1,0,1,0,0,4,0,0,0,0,0,1,1,1,1,0,0,5,0,1,0,0,0,1,4,0,0,0,2,0,0,0,0,1,0,2,2,2
2002-01-01,0,0,0,0,1,2,0,0,0,0,0,1,1,0,0,0,0,1,0,0,0,0,0,0,0,0,0,1,0,0,0,1,0,0,1,1,0,0,0,0,1,0,0,0,0,0,1,0,1,0,0,0,0,0,1,0,0,0,0,0,0,0,0,2,0,0,0,0,1,0,0,0,0,0,0,1,0,0,0,0,0,0,0,0,0,0,0,1,0,1,0,0,0,0,0,0,0,0,0,0,0,2,1,0,0,1,1,0,2,1,0,0,0,1,0,0,0,0,0,0,0,0,0,0,0,0,0,0,0,1,0,2,2,1,1,0,1,1,0,1,0,0,0,0,1,0,0,1,1,0,0,1,1,1,0,1,0,1,1,0,0,2,2,0,1,0,0,0,0,0,0,0,0,0,1,0,0,1,1,3,1,2,2,0,2,0,0,0,0,0,0,1,0,0,0,0,1,0,0,0,2,1,0,1,0,1,2,0,0,0,2,0,0,1,1,0,0,0,0,0,0,0,0,1,2,0,0,3,1,4,1,0,0,0,0,0,1,0,0,0,0,0,2,2,1,2,0,4,4,1,1,0,0,0,1,0,0,1,0,0,0,0,1,0,0,1,1,2,4,0,1,0,2,1,0,0,0,0,0,0,0,0,0,0,0,1,0,0,0,1,2,7,0,0,2,1,1,1,0,0,0,0,0,0,0,0,0,2,1,0,0,0,1,0,0,0,1,0,1,0,0,0,0,0,0,0,0,0,0,0,0,0,0,0,0,2,0,0,2,0,0,0,0,0,1,0,0,1,0,0,2,0,0,0,0,0,0,0,0,0,0,1,0,0,1,2,0,0,0,0,0,0,0,0,0,0,0,2,0,0,2,3,0,1,0,0,0,0,0,1,0,0,0,1,0,1,0,0,1,1,4,1,2,0,1,0,0,0,1,1,0,0,0,0,0,0,1,0,2,0,1,0,0,2,0,2,1,2,0,0,1,0,0,2,0,4,3,0,2,0,1,0,0,0,2,0,1,0,0,1,0,0,0,0,0,1,2,5,2,0,0,1,0,0,0,1,0,0,0,1,1,0,0,0,0,2,0,2,0,0,1,2,1,4,0,0,1,0,0,1,1,0,2,3,2,0,3,0,0,0,0,0,0,1,2,0,2,0,1,0,0,0,0,0,3,0,0,0,0,1,0,16,0,0,0,0,2,0,0,0,4,0,0,0,0,0,0,0,0,0,0,0,0,1,0,4,0,0,2,1,0,1,0,0,0,0,0,0,1,1,0,1,0,1,2,0,0,1,0,0,0,0,0,2,1,0,0,3,0,0,0,3,0,0,3,1,1,0,0,1,3,0,0,0,0,4,0,1,2,0,0,0,1,0,1,0,0,2,0,0,0,2,0,3,3,1,0,0,0,6,1,0,2,0,0,0,1,0,1,0,0,6,1,2,3,0,1,1,2,1,0,0,1,0,0,1,1,0,0,0,1,1,1,0,0,0,2,0,3,0,0,0,0,1,0,1,1,0,0,0,3,0,2,0,0,0,0,1,0,0,0,0,1,0,0,0,1,0,0,0,0,1,1,0,0,2,0,7,2,0,0,0,0,0,1,0,1,0,0,0,0,2,0,2,0,0,0,2,8,1,0,1,0,0,1,1,0,1,4,0,0,1,1,2,0,0,0,0,0,4,0,0,0,0,1,0,1,2,1,0,0,2,1,1,1,0,0,2,2,0,1,1,3,0,0,0,0,0,2,1,1,0,0,1,0,1,0,1,2,0,3,0,2,2,0,1,0,0,0,0,0,0,0,0,2,1,0,0,0,0,12,0,0,0,0,0,0,4,0,0,1,2,0,0,4,0,1,0,0,3,3,0,4,0,0,1,10,0,1,0,1,4,0,0,0,1,5,0,0,0,1,0,3,4,0,0,1,0,2,0,1,1,0,0,1,3,0
2002-02-01,2,1,1,0,1,0,0,0,1,0,2,0,0,0,0,1,0,3,3,0,0,0,0,0,0,0,0,1,1,0,1,1,0,0,0,0,0,0,0,0,0,1,0,1,0,0,2,0,0,0,0,0,0,0,0,1,0,0,0,0,0,1,1,0,1,0,0,1,1,0,0,0,0,0,0,0,1,0,0,0,1,1,0,0,1,0,0,1,0,0,0,0,0,0,1,1,1,0,1,0,1,0,0,0,1,0,0,1,0,1,0,0,0,0,0,0,0,0,0,3,0,0,0,0,0,0,0,1,0,0,0,0,4,0,1,0,0,0,0,2,1,0,4,0,0,0,0,0,0,3,0,3,0,0,0,0,1,1,2,2,1,2,0,1,0,1,0,0,0,0,2,2,1,0,0,2,2,0,2,0,1,0,0,0,3,0,0,0,0,1,0,0,0,0,0,0,1,0,0,0,1,0,1,3,0,0,2,3,0,0,0,0,0,1,3,1,0,0,0,0,1,0,0,0,0,1,0,0,2,1,0,0,0,0,0,0,0,0,0,1,0,0,1,0,3,0,0,3,0,2,2,0,0,0,0,0,0,1,0,0,0,2,0,0,0,3,6,2,0,1,0,0,1,0,0,0,1,0,1,0,1,1,0,1,2,0,0,0,1,1,0,1,0,0,2,0,0,0,0,1,0,0,0,0,1,0,1,0,0,0,3,2,0,0,0,1,0,0,1,0,0,0,0,0,1,0,0,0,0,0,0,0,0,0,1,0,0,0,0,0,0,0,0,2,0,0,0,0,0,1,0,1,0,0,0,0,0,0,1,0,0,0,0,0,1,2,2,2,0,0,0,0,0,0,0,0,0,1,0,0,0,0,0,0,0,0,0,0,0,0,0,0,1,0,0,3,2,1,0,2,0,1,0,0,3,0,0,0,1,0,0,0,0,0,1,0,3,0,1,0,1,0,1,0,0,1,12,4,0,0,0,0,1,0,0,3,0,0,0,0,0,0,1,2,0,1,0,0,0,0,1,0,0,0,0,3,0,0,1,0,2,0,0,0,0,1,0,0,0,0,1,0,2,0,0,0,0,2,1,0,0,0,0,0,1,1,0,0,0,0,1,0,1,0,6,0,0,0,0,0,0,1,1,1,0,0,1,0,3,0,1,3,0,1,0,0,0,0,0,0,0,6,0,0,0,0,0,0,0,1,1,0,0,0,0,1,0,0,1,0,0,0,0,0,1,2,0,0,2,0,0,1,1,0,0,0,0,0,1,4,1,0,1,0,1,2,0,1,0,0,0,0,0,0,3,0,0,0,0,1,0,2,0,1,0,0,0,0,0,0,0,2,0,0,0,4,0,0,0,1,0,0,0,1,0,0,0,0,1,2,0,0,0,0,0,0,0,2,0,0,0,0,0,2,1,0,0,0,0,0,0,1,0,0,0,1,0,0,2,1,0,0,0,1,1,1,2,2,0,2,0,0,0,0,0,0,1,0,0,0,0,0,1,1,0,0,1,1,0,0,0,0,2,0,1,0,0,0,1,1,0,2,1,0,0,0,1,0,0,0,0,0,0,1,0,0,1,2,2,0,1,0,0,0,1,0,0,0,0,5,1,0,0,0,0,0,0,2,0,0,0,3,0,0,1,0,0,0,4,0,0,0,0,0,2,1,0,0,0,0,2,0,0,0,4,0,0,2,1,0,0,1,3,0,0,0,2,0,0,2,1,1,0,2,1,0,0,0,1,0,1,2,0,1,1,0,2,0,0,2,1,0,0,1,1,0,4,0,2,0,0,0,0,0,0,0,0,0,0,1,4,0,4,0,0,1,1,0,0,0,0,0,0,0,0,0,2,0,2,2,4,0,3,1,0,1,7,2,2,1,0,0,1,0,0,1,5,2,2,2,1,1,0,9,0,0,0,0,0,0,1,0,3,1,2,1,1
2002-03-01,2,1,0,0,0,2,0,0,1,0,2,0,0,0,0,0,0,1,1,0,0,0,0,0,0,1,0,0,0,0,2,1,0,0,0,0,0,1,0,0,0,0,0,0,0,0,1,0,1,0,0,0,0,0,0,2,0,0,1,0,0,0,1,1,0,0,0,0,1,0,0,0,0,0,0,0,0,1,0,0,0,1,0,0,0,0,0,0,0,1,0,4,0,1,2,1,1,0,0,0,0,2,0,0,0,1,0,1,0,0,0,1,0,0,0,1,0,0,0,0,0,0,0,0,0,0,0,0,1,0,0,0,1,0,0,0,0,0,0,0,0,0,0,0,0,0,0,0,0,0,0,0,0,0,2,0,0,6,0,2,1,0,0,0,0,0,0,0,0,2,0,0,0,0,0,0,1,0,0,3,1,1,2,0,2,0,0,1,0,0,1,0,0,0,0,0,0,0,0,0,1,0,0,1,0,0,2,1,0,0,0,0,0,3,0,0,0,0,0,0,1,0,0,0,0,0,1,0,2,1,1,0,0,1,0,0,0,0,1,0,0,0,0,1,0,0,1,2,0,2,2,0,0,0,0,0,0,0,1,0,0,0,0,0,1,0,2,3,0,2,0,0,0,1,1,0,0,1,0,0,0,1,0,1,0,0,0,0,0,1,1,1,1,0,0,1,1,1,0,2,1,0,0,2,0,0,0,0,1,0,3,0,2,0,0,0,0,0,0,1,2,0,0,0,0,0,0,0,0,0,0,0,4,0,1,3,0,0,0,0,0,0,1,0,0,3,0,0,0,1,0,2,0,0,0,0,1,0,0,0,0,1,0,0,0,4,0,0,0,3,0,0,0,0,1,0,0,0,0,0,1,0,0,1,0,0,0,2,0,0,1,0,0,1,0,1,0,1,1,5,2,7,0,0,0,0,0,2,0,2,2,0,0,0,1,0,1,2,1,0,1,0,2,0,2,0,7,3,0,0,0,0,0,0,0,2,0,0,0,0,0,0,0,0,0,0,1,0,0,0,7,0,0,0,0,6,0,0,2,0,3,0,0,0,0,0,0,3,1,0,0,2,2,0,0,0,0,4,1,0,0,0,1,0,0,1,2,0,0,0,0,0,1,0,3,0,1,0,0,0,0,1,1,1,0,0,1,0,1,0,0,2,0,0,1,0,0,1,0,1,0,2,3,1,0,0,0,1,0,0,0,0,0,0,0,0,0,1,0,0,0,0,1,1,0,0,1,1,0,1,0,1,0,0,0,0,1,0,0,1,2,0,0,0,0,1,0,1,0,0,0,0,0,1,1,0,1,1,0,0,0,0,2,1,0,1,0,0,0,1,0,0,1,1,0,1,2,0,0,4,2,0,1,2,0,0,0,1,0,1,1,3,2,1,1,3,0,0,0,1,1,0,0,0,0,0,2,0,0,0,1,1,0,0,0,0,0,0,0,3,0,3,0,0,0,0,2,0,0,1,0,0,0,0,0,0,3,0,1,0,0,0,2,0,0,1,0,0,0,0,0,1,0,0,0,0,0,1,0,0,0,0,0,0,0,0,0,0,0,0,0,0,0,0,1,2,0,1,4,2,0,0,1,3,1,1,0,1,0,1,0,0,0,1,0,0,0,2,2,0,4,2,0,0,1,2,0,0,0,0,0,0,0,0,1,0,0,0,3,0,0,0,1,0,1,0,0,2,1,1,1,1,0,0,3,2,0,0,0,0,0,1,0,1,0,0,0,4,0,0,0,2,0,0,0,0,0,0,0,1,0,0,0,4,1,1,0,0,0,0,0,0,0,0,0,0,0,0,6,1,2,2,0,0,0,0,0,0,0,0,1,1,0,0,2,1,0,0,2,4,0,0,1,3,0,1,0,0,2,0,0,0,0,0,2,3,0,0,1,0,1,3,1,4,0,0,2,0,2,1,1,1,0,0,0,3,1
